accession_or_source	exact_file_name	URL	md5 (computed 2026-09-15)	obtained_date	status_and_notes
GENCODE release M39 (Ensembl 116), CHR comprehensive annotation	gencode.vM39.annotation.gtf (decompressed from gencode.vM39.annotation.gtf.gz)	https://ftp.ebi.ac.uk/pub/databases/gencode/Gencode_mouse/release_M39/gencode.vM39.annotation.gtf.gz	376fbf8b53c397e324c65ac2137fe3af (.gtf.gz 00de1ed79904a24be84704aa9d84adce = GENCODE MD5SUMS)	not recorded; local file time equals the server file time (preserved at download), so it does not indicate the download date (server 2026-06-09 13:55 BST)	確定: md5 matches the GENCODE release M39 MD5SUMS (verified 2026-09-15; rerun2/F/source_verification/md5_verification_public_sources.tsv)
GENCODE GRCm39 primary assembly (PRI), release M39 distribution	GRCm39.primary_assembly.genome.fa (decompressed from GRCm39.primary_assembly.genome.fa.gz)	https://ftp.ebi.ac.uk/pub/databases/gencode/Gencode_mouse/release_M39/GRCm39.primary_assembly.genome.fa.gz	f7e956ab58169c9b457c93bc7ecca0a2 (= md5 of the decompressed M39 .gz; .gz md5 bffa410b822ae1518413091fed1e4aa8 = GENCODE MD5SUMS)	not recorded; local file time equals the server file time (preserved at download), so it does not indicate the download date (server 2026-06-09 13:55 BST)	確定: decompressed release M39 file is identical (rerun2/F/source_verification/gencode_fasta_stream_md5.tsv)
transcript sequences (derived, not the GENCODE-distributed transcripts.fa)	gencode.vM39.transcripts.fa	generated locally: gffread -w gencode.vM39.transcripts.fa -g GRCm39.primary_assembly.genome.fa gencode.vM39.annotation.gtf (gffread 0.12.9, conda env fvb_pipeline)	97b37640111b0c0c43689a3e347f7c04 (reproduced byte-identically by the command; differs from the distributed file f6545036d843b38c56d45c5618eaf2a4)	created 2026-08-03 18:41 JST	確定: used only for the salmon index of the sex check (rerun2/F/provenance_checks/transcripts_md5.txt)
Mouse Genomes Project REL2021 SNPs (GRCm39, 52 strains)	mgp_REL2021_snps.vcf.gz (+ .csi 79af7c5543a5d2b33d2b248addb3d6c1)	https://ftp.ebi.ac.uk/pub/databases/mousegenomes/REL-2112-v8-SNPs_Indels/mgp_REL2021_snps.vcf.gz	d9fd3d1e03648f65cdbd02505b68b1db (= official .md5; .csi = official .md5)	not recorded; the local file was written 2026-06-16 14:19 JST on the machine it was copied from (server time 2021-12-30, so not preserved) — consistent with download on that date	確定 (URL/md5); 取得日は記述で代替
Mouse Genomes Project REL2021 indels (GRCm39, 52 strains)	mgp_REL2021_indels.vcf.gz (+ .csi 55b4fa569b24ec5f058f7ac7e5fd004b)	https://ftp.ebi.ac.uk/pub/databases/mousegenomes/REL-2112-v8-SNPs_Indels/mgp_REL2021_indels.vcf.gz	72b19457a3bcb38d3661326b00107cdc (= official .md5; .csi = official .md5)	not recorded; the local file was written 2026-06-16 11:47 JST on the machine it was copied from (server time 2022-09-09, so not preserved) — consistent with download on that date	確定 (URL/md5); FILTER='.' for all records; 取得日は記述で代替
UCSC chain mm10→mm39	mm10ToMm39.over.chain.gz	https://hgdownload.soe.ucsc.edu/goldenPath/mm10/liftOver/mm10ToMm39.over.chain.gz	7e2c4effe0f1f78e3b497cc77ef96d34 (= md5 of the file downloaded from UCSC on 2026-09-15)	not recorded; local file time equals the server file time (preserved at download), so it does not indicate the download date (server 2020-07-30 14:50 PDT)	確定
UCSC chain mm39→mm10	mm39ToMm10.over.chain.gz	https://hgdownload.soe.ucsc.edu/goldenPath/mm39/liftOver/mm39ToMm10.over.chain.gz	3c1cfab21cb0cf9c251fbae41907c28a (= UCSC md5sum.txt)	not recorded; local file time equals the server file time (preserved at download), so it does not indicate the download date (server 2020-07-30 14:54 PDT)	確定; reciprocal-lift check (rerun2/E2/scripts/liftover_checks.py)
GEO GSE124804	GSM5993848_PO_H3K4me1_peaks.bed.gz	https://ftp.ncbi.nlm.nih.gov/geo/samples/GSM5993nnn/GSM5993848/suppl/GSM5993848_PO_H3K4me1_peaks.bed.gz	805da512aada988c08dfb2730dab1002 (= md5 of the GEO file, verified 2026-09-15)	not recorded; local file time equals the server file time (preserved at download), so it does not indicate the download date (server 2022-04-06 13:17 EDT)	確定; mm10; converted with CrossMap
GEO GSE124804	GSM5993850_PO_H3K27ac_peaks.bed.gz	https://ftp.ncbi.nlm.nih.gov/geo/samples/GSM5993nnn/GSM5993850/suppl/GSM5993850_PO_H3K27ac_peaks.bed.gz	14f54e53b4a19be260494cb601fed25c (= md5 of the GEO file, verified 2026-09-15)	not recorded; local file time equals the server file time (preserved at download), so it does not indicate the download date (server 2022-04-06 13:17 EDT)	確定; mm10; converted with CrossMap
GEO GSE124804	GSM5993852_E13.5_H3K4me1_peaks.bed.gz	https://ftp.ncbi.nlm.nih.gov/geo/samples/GSM5993nnn/GSM5993852/suppl/GSM5993852_E13.5_H3K4me1_peaks.bed.gz	0fb27ad00a76ab6d62422ccb2323f488 (= md5 of the GEO file, verified 2026-09-15)	not recorded; local file time equals the server file time (preserved at download), so it does not indicate the download date (server 2022-04-06 13:17 EDT)	確定; mm10; converted with CrossMap
GEO GSE124804	GSM5993854_E13.5_H3K27ac_peaks.bed.gz	https://ftp.ncbi.nlm.nih.gov/geo/samples/GSM5993nnn/GSM5993854/suppl/GSM5993854_E13.5_H3K27ac_peaks.bed.gz	fa615c1a54e29d53ab9c3e8d9ca09776 (= md5 of the GEO file, verified 2026-09-15)	not recorded; local file time equals the server file time (preserved at download), so it does not indicate the download date (server 2022-04-06 13:17 EDT)	確定; mm10; converted with CrossMap
GEO GSE90016	GSM2395741_mm10_Six2_BF_ChIPSeq.peaks.txt.gz	https://ftp.ncbi.nlm.nih.gov/geo/samples/GSM2395nnn/GSM2395741/suppl/GSM2395741_mm10_Six2_BF_ChIPSeq.peaks.txt.gz	939642241131283e89b29749075cb87f (= md5 of the GEO file, verified 2026-09-15)	not recorded; local file time equals the server file time (preserved at download), so it does not indicate the download date (server 2017-11-28 EST)	確定; HOMER peak table; summit BED = (chr, col3-1, col3, peakID, col4), sorted; converted with CrossMap bed (byte-identical on rerun)
GEO GSE90016	GSM2395742_mm10_Hoxd11_BF_ChIPSeq.peaks.txt.gz	https://ftp.ncbi.nlm.nih.gov/geo/samples/GSM2395nnn/GSM2395742/suppl/GSM2395742_mm10_Hoxd11_BF_ChIPSeq.peaks.txt.gz	00000eb59062dc81664be012795ceb68 (= md5 of the GEO file, verified 2026-09-15)	not recorded; local file time equals the server file time (preserved at download), so it does not indicate the download date (server 2017-11-28 EST)	確定; HOMER peak table; summit BED = (chr, col3-1, col3, peakID, col4), sorted; converted with CrossMap bed (byte-identical on rerun)
GEO GSE90016	GSM2395743_mm10_Osr1_BF_ChIPSeq.peaks.txt.gz	https://ftp.ncbi.nlm.nih.gov/geo/samples/GSM2395nnn/GSM2395743/suppl/GSM2395743_mm10_Osr1_BF_ChIPSeq.peaks.txt.gz	8924f47ca8618aacf945c1b272153f2b (= md5 of the GEO file, verified 2026-09-15)	not recorded; local file time equals the server file time (preserved at download), so it does not indicate the download date (server 2017-11-28 EST)	確定; HOMER peak table; summit BED = (chr, col3-1, col3, peakID, col4), sorted; converted with CrossMap bed (byte-identical on rerun)
GEO GSE90016	GSM2395744_mm10_Wt1_ChIPSeq_2.peaks.txt.gz	https://ftp.ncbi.nlm.nih.gov/geo/samples/GSM2395nnn/GSM2395744/suppl/GSM2395744_mm10_Wt1_ChIPSeq_2.peaks.txt.gz	25906c00fa2e8654e14a65773496ef3c (= md5 of the GEO file, verified 2026-09-15)	not recorded; local file time equals the server file time (preserved at download), so it does not indicate the download date (server 2017-11-28 EST)	確定; HOMER peak table; summit BED = (chr, col3-1, col3, peakID, col4), sorted; converted with CrossMap bed (byte-identical on rerun)
GEO GSE90016	GSM2867764_mm10_Six2_ChIPSeq.peaks.txt.gz	https://ftp.ncbi.nlm.nih.gov/geo/samples/GSM2867nnn/GSM2867764/suppl/GSM2867764_mm10_Six2_ChIPSeq.peaks.txt.gz	c00f19529ab0936cdd6ec0eefdf5baa6 (= md5 of the GEO file, verified 2026-09-15)	not recorded; local file time equals the server file time (preserved at download), so it does not indicate the download date (server 2017-11-28 EST)	確定; HOMER peak table; summit BED = (chr, col3-1, col3, peakID, col4), sorted; converted with CrossMap bed (byte-identical on rerun)
GEO GSE94333 / GSM2473317 (P1 kidney Drop-seq, cold dissociation, run1855)	cold_dge.txt.gz = GSM2473317_run1855_out_gene_exon_tagged.dge.txt.gz renamed locally	https://ftp.ncbi.nlm.nih.gov/geo/samples/GSM2473nnn/GSM2473317/suppl/GSM2473317_run1855_out_gene_exon_tagged.dge.txt.gz	50b06ce3a406b309db7b8f1a02c7eae8 (= md5 of the GEO file, verified 2026-09-15)	not recorded; local file time equals the server file time (preserved at download), so it does not indicate the download date (server 2018-02-02 11:26 EST)	確定; 23,797 genes x 9,856 barcodes
GEO GSE94333	GSE94333_P1_Cold_Cap_Mesenchyme.txt.gz	https://ftp.ncbi.nlm.nih.gov/geo/series/GSE94nnn/GSE94333/suppl/GSE94333_P1_Cold_Cap_Mesenchyme.txt.gz	0bd5756debc47bc330e2512a15aa6548 (= md5 of the GEO file, verified 2026-09-15)	not recorded; local file time equals the server file time (preserved at download), so it does not indicate the download date (server 2017-12-20 17:29 EST)	確定
GEO GSE94333	GSE94333_P1_Cold_Distal_Tubule.txt.gz	https://ftp.ncbi.nlm.nih.gov/geo/series/GSE94nnn/GSE94333/suppl/GSE94333_P1_Cold_Distal_Tubule.txt.gz	72eebfecd8d5c64147e45233eaf96501 (= md5 of the GEO file, verified 2026-09-15)	not recorded; local file time equals the server file time (preserved at download), so it does not indicate the download date (server 2017-12-20 17:29 EST)	確定
GEO GSE94333	GSE94333_P1_Cold_Endothelial.txt.gz	https://ftp.ncbi.nlm.nih.gov/geo/series/GSE94nnn/GSE94333/suppl/GSE94333_P1_Cold_Endothelial.txt.gz	25f2a50a6b28dfff65712f88bbbd5275 (= md5 of the GEO file, verified 2026-09-15)	not recorded; local file time equals the server file time (preserved at download), so it does not indicate the download date (server 2017-12-20 17:29 EST)	確定
GEO GSE94333	GSE94333_P1_Cold_Loop_of_Henle.txt.gz	https://ftp.ncbi.nlm.nih.gov/geo/series/GSE94nnn/GSE94333/suppl/GSE94333_P1_Cold_Loop_of_Henle.txt.gz	89110199f1586d17a5ed8f0d7dadd0a8 (= md5 of the GEO file, verified 2026-09-15)	not recorded; local file time equals the server file time (preserved at download), so it does not indicate the download date (server 2017-12-20 17:29 EST)	確定
GEO GSE94333	GSE94333_P1_Cold_Nephron_Progenitor.txt.gz	https://ftp.ncbi.nlm.nih.gov/geo/series/GSE94nnn/GSE94333/suppl/GSE94333_P1_Cold_Nephron_Progenitor.txt.gz	9a84b3c514256decf11d85b9b49ecf39 (= md5 of the GEO file, verified 2026-09-15)	not recorded; local file time equals the server file time (preserved at download), so it does not indicate the download date (server 2017-12-20 17:29 EST)	確定
GEO GSE94333	GSE94333_P1_Cold_Podocytes.txt.gz	https://ftp.ncbi.nlm.nih.gov/geo/series/GSE94nnn/GSE94333/suppl/GSE94333_P1_Cold_Podocytes.txt.gz	40a96de7761bcd27bdf9fd912f94b84f (= md5 of the GEO file, verified 2026-09-15)	not recorded; local file time equals the server file time (preserved at download), so it does not indicate the download date (server 2017-12-20 17:29 EST)	確定
GEO GSE94333	GSE94333_P1_Cold_Proximal_Tubule.txt.gz	https://ftp.ncbi.nlm.nih.gov/geo/series/GSE94nnn/GSE94333/suppl/GSE94333_P1_Cold_Proximal_Tubule.txt.gz	c69df0ba0e7dcae5993345561eef5cf6 (= md5 of the GEO file, verified 2026-09-15)	not recorded; local file time equals the server file time (preserved at download), so it does not indicate the download date (server 2017-12-20 17:29 EST)	確定
GEO GSE94333	GSE94333_P1_Cold_Stromal.txt.gz	https://ftp.ncbi.nlm.nih.gov/geo/series/GSE94nnn/GSE94333/suppl/GSE94333_P1_Cold_Stromal.txt.gz	dc8d6e069ed3f4d71a1f00d43e1a6bb3 (= md5 of the GEO file, verified 2026-09-15)	not recorded; local file time equals the server file time (preserved at download), so it does not indicate the download date (server 2017-12-20 17:29 EST)	確定
GEO GSE94333	GSE94333_P1_Cold_Ureteric_Bud.txt.gz	https://ftp.ncbi.nlm.nih.gov/geo/series/GSE94nnn/GSE94333/suppl/GSE94333_P1_Cold_Ureteric_Bud.txt.gz	4b4654290e01737b656107bb74e6ad30 (= md5 of the GEO file, verified 2026-09-15)	not recorded; local file time equals the server file time (preserved at download), so it does not indicate the download date (server 2017-12-20 17:29 EST)	確定
MSigDB 2026.1 (Hs, Mm) via msigdbr 26.1.0	~/.cache/R/msigdbr/msigdb.2026.1.zip (C2, C5 .rds extracted from it)	https://zenodo.org/records/18968178/files/msigdb.2026.1.zip (URL hard-coded in msigdbr 26.1.0)	512ba99c6827141a9d471972b812d4ac (= md5 expected by msigdbr 26.1.0; msigdbr deletes the file if it does not match)	2026-04-15 16:10 JST (cache file written by msigdbr at download)	確定 (URL/md5); 取得日はキャッシュの作成時刻
Ensembl VEP cache (mus_musculus, release 116, GRCm39)	refs/vep_cache/mus_musculus/116_GRCm39 (unpacked from mus_musculus_vep_116_GRCm39.tar.gz; tarball not retained)	https://ftp.ensembl.org/pub/release-116/variation/indexed_vep_cache/mus_musculus_vep_116_GRCm39.tar.gz	not verifiable (tarball removed after unpacking)	2026-08-03 (INSTALL.pl log; conversion finished 18:04:12)	確定 (URL/日付: results/logs/vep_cache_install.log:2,6)
