Geneid	chr	B6_reads_GRCm39	B6_reads_arm	log2_shift
ENSMUSG00000103922.2	chr1	4	137	4.787
ENSMUSG00000048538.8	chr1	6	325	5.541
ENSMUSG00000090142.3	chr1	3	95	4.585
ENSMUSG00000086240.5	chr1	160	44	-1.839
ENSMUSG00000123149.1	chr1	156	22	-2.771
ENSMUSG00000100078.2	chr1	14	140	3.233
ENSMUSG00000099858.2	chr1	19	164	3.044
ENSMUSG00000046057.5	chr1	7	197	4.629
ENSMUSG00000140457.1	chr2	7658	68	-6.794
ENSMUSG00000121171.2	chr2	4	320	6.005
ENSMUSG00000025201.8	chr2	3	85	4.426
ENSMUSG00000081476.2	chr2	95	20	-2.193
ENSMUSG00000082029.2	chr2	46	107	1.2
ENSMUSG00000082809.4	chr2	15	135	3.087
ENSMUSG00000091329.5	chr3	20	165	2.983
ENSMUSG00000104309.2	chr3	6	132	4.248
ENSMUSG00000048916.8	chr3	8	123	3.784
ENSMUSG00000044330.9	chr3	4	149	4.907
ENSMUSG00000068855.4	chr3	11	67	2.503
ENSMUSG00000050550.8	chr4	11	215	4.17
ENSMUSG00000084159.2	chr4	7	1511	7.562
ENSMUSG00000081170.2	chr4	7	1103	7.109
ENSMUSG00000028648.15	chr4	2229	1053	-1.081
ENSMUSG00000003038.17	chr4	30337	8584	-1.821
ENSMUSG00000070572.8	chr4	6	1032	7.205
ENSMUSG00000127797.1	chr4	247	113	-1.121
ENSMUSG00000100801.2	chr5	113	911	3.0
ENSMUSG00000140766.1	chr5	8	66	2.896
ENSMUSG00000138269.1	chr5	39	143	1.848
ENSMUSG00000107092.2	chr5	29	154	2.369
ENSMUSG00000057244.7	chr5	6	77	3.478
ENSMUSG00000080893.2	chr5	23	2690	6.809
ENSMUSG00000080935.4	chr5	34	516	3.885
ENSMUSG00000094090.3	chr5	49	378	2.922
ENSMUSG00000066554.7	chr5	146	3	-5.2
ENSMUSG00000121673.1	chr5	2	377	6.977
ENSMUSG00000096403.3	chr6	13	647	5.532
ENSMUSG00000130847.1	chr6	80	371	2.199
ENSMUSG00000079575.4	chr6	5	55	3.222
ENSMUSG00000072476.7	chr6	4	1506	8.236
ENSMUSG00000072940.6	chr6	47	2457	5.678
ENSMUSG00000043024.7	chr6	11	57	2.273
ENSMUSG00000104222.3	chr6	6	375	5.747
ENSMUSG00000098470.2	chr6	0	108	6.768
ENSMUSG00000079343.5	chr6	88	294	1.729
ENSMUSG00000091408.4	chr6	4	168	5.079
ENSMUSG00000080921.5	chr6	905	19	-5.501
ENSMUSG00000030246.14	chr6	37290	17852	-1.063
ENSMUSG00000067344.8	chr6	34	188	2.433
ENSMUSG00000093826.2	chr7	19	67	1.766
ENSMUSG00000098009.2	chr7	2	447	7.222
ENSMUSG00000097644.3	chr7	1	164	6.366
ENSMUSG00000073940.5	chr7	5185	15197	1.551
ENSMUSG00000087175.10	chr7	44	21	-1.032
ENSMUSG00000140389.1	chr7	3	351	6.459
ENSMUSG00000094685.3	chr7	0	101	6.672
ENSMUSG00000108892.2	chr7	0	88	6.476
ENSMUSG00000110331.2	chr8	9	248	4.638
ENSMUSG00000094568.2	chr8	61	448	2.856
ENSMUSG00000053038.9	chr8	13	54	1.974
ENSMUSG00000063696.8	chr8	92	565	2.605
ENSMUSG00000110686.2	chr8	30	653	4.399
ENSMUSG00000060019.7	chr8	118	4797	5.333
ENSMUSG00000074516.7	chr9	51	1862	5.163
ENSMUSG00000098985.2	chr9	3	136	5.098
ENSMUSG00000094437.3	chr9	1	507	7.989
ENSMUSG00000091866.2	chr9	0	111	6.807
ENSMUSG00000059422.6	chr9	8	366	5.35
ENSMUSG00000062933.8	chr9	1786	363	-2.296
ENSMUSG00000098973.3	chr9	5630	14065	1.321
ENSMUSG00000074034.2	chr9	7	5900	9.527
ENSMUSG00000092212.5	chr9	67	266	1.973
ENSMUSG00000053830.5	chr10	3	176	5.468
ENSMUSG00000111897.2	chr10	1	95	5.585
ENSMUSG00000112163.2	chr10	12	101	2.972
ENSMUSG00000020022.19	chr10	5069	2328	-1.122
ENSMUSG00000101316.2	chr11	2	87	4.874
ENSMUSG00000069919.9	chr11	18679	35	-9.019
ENSMUSG00000069917.9	chr11	6831	19	-8.416
ENSMUSG00000085342.2	chr11	90	23	-1.923
ENSMUSG00000081262.2	chr11	5	329	5.781
ENSMUSG00000082145.2	chr11	0	178	7.484
ENSMUSG00000081485.6	chr11	83	599	2.837
ENSMUSG00000102038.2	chr11	2	99	5.059
ENSMUSG00000129791.1	chr11	23	51	1.115
ENSMUSG00000082045.5	chr11	146	312	1.09
ENSMUSG00000078249.6	chr11	29	89	1.585
ENSMUSG00000116775.2	chr12	112	38	-1.535
ENSMUSG00000143530.1	chr12	5	588	6.617
ENSMUSG00000066487.4	chr12	22	46	1.031
ENSMUSG00000113600.2	chr12	3	154	5.276
ENSMUSG00000094935.3	chr12	1	95	5.585
ENSMUSG00000066363.14	chr12	19	110	2.472
ENSMUSG00000091498.5	chr12	201	702	1.799
ENSMUSG00000058385.9	chr13	39	197	2.307
ENSMUSG00000069310.5	chr13	95	27	-1.778
ENSMUSG00000113061.2	chr13	54	148	1.438
ENSMUSG00000113255.2	chr13	8	95	3.415
ENSMUSG00000094446.2	chr13	12	340	4.713
ENSMUSG00000113637.2	chr13	6	67	3.28
ENSMUSG00000113263.2	chr13	49	12	-1.943
ENSMUSG00000055763.10	chr13	2	104	5.129
ENSMUSG00000114733.2	chr13	2	156	5.71
ENSMUSG00000096842.2	chr13	2579	2	-9.748
ENSMUSG00000114547.2	chr13	16	167	3.305
ENSMUSG00000121785.1	chr14	7	79	3.322
ENSMUSG00000115785.2	chr14	0	82	6.375
ENSMUSG00000095427.3	chr14	6	817	6.869
ENSMUSG00000115743.2	chr14	0	61	5.954
ENSMUSG00000060143.10	chr14	1748	4248	1.281
ENSMUSG00000115017.2	chr15	12	50	1.972
ENSMUSG00000115616.3	chr15	5	63	3.415
ENSMUSG00000047347.8	chr15	1	68	5.109
ENSMUSG00000128549.1	chr15	1	422	7.725
ENSMUSG00000116358.2	chr15	0	63	6.0
ENSMUSG00000062683.13	chr15	9130	3171	-1.525
ENSMUSG00000052192.6	chr16	18	1023	5.752
ENSMUSG00000071561.4	chr16	275	66	-2.042
ENSMUSG00000081824.6	chr16	51	499	3.265
ENSMUSG00000033450.10	chr17	76	223	1.541
ENSMUSG00000073471.5	chr17	961	2109	1.133
ENSMUSG00000117278.2	chr17	0	84	6.409
ENSMUSG00000068604.5	chr17	3	276	6.114
ENSMUSG00000121749.1	chr17	39	283	2.828
ENSMUSG00000061062.6	chr17	26	2131	6.303
ENSMUSG00000063628.3	chr18	16	1035	5.929
ENSMUSG00000052102.17	chr18	3875	1859	-1.059
ENSMUSG00000091695.3	chr18	0	1337	10.386
ENSMUSG00000117804.2	chr19	6	174	4.644
ENSMUSG00000045104.10	chr19	29	3191	6.733
ENSMUSG00000044424.5	chr19	50	1989	5.286
ENSMUSG00000117667.2	chr19	0	105	6.728
ENSMUSG00000079297.5	chrX	25	121	2.23
ENSMUSG00000084131.2	chrX	9	244	4.615
ENSMUSG00000083482.2	chrX	0	115	6.858
ENSMUSG00000082070.2	chrX	5	214	5.163
ENSMUSG00000083554.2	chrX	0	61	5.954
ENSMUSG00000095562.10	chrX	1055	490	-1.105
ENSMUSG00000096768.11	chrY	213	13599	5.99
