Geneid	gene_name	flagged_at_E13.5	flagged_at_P1	removed_from_E13.5_ranking	removed_from_P1_ranking
ENSMUSG00000003038.17	Hmgn2	True	True	True	True
ENSMUSG00000020022.19	Ndufa12	True	True	True	True
ENSMUSG00000025201.8	Bloc1s2-ps	True	True	False	False
ENSMUSG00000028648.15	Ndufs5	True	True	True	True
ENSMUSG00000030246.14	Ldhb	False	True	True	True
ENSMUSG00000033036.10	Ppihl	True	False	True	False
ENSMUSG00000033450.10	Tagap	True	True	True	True
ENSMUSG00000035299.19	Mid1	True	False	True	True
ENSMUSG00000043024.7	Gm16433	True	True	True	True
ENSMUSG00000043091.11	Tuba1c	True	False	True	True
ENSMUSG00000044330.9	Gm9790	True	True	False	False
ENSMUSG00000044424.5	Gm9493	True	True	True	True
ENSMUSG00000045104.10	Ldhb-ps	True	True	True	True
ENSMUSG00000046057.5	Gm15428	True	True	True	False
ENSMUSG00000047347.8	Tdg-ps	True	True	False	True
ENSMUSG00000048538.8	Gm9826	True	True	False	False
ENSMUSG00000048916.8	Gm5540	True	True	True	True
ENSMUSG00000050550.8	Gm11868	True	True	True	True
ENSMUSG00000052102.17	Gnpda1	False	True	True	True
ENSMUSG00000052192.6	Gm5963	True	True	True	True
ENSMUSG00000053038.9	Gm6180	True	True	True	True
ENSMUSG00000053830.5	Gm9923	True	True	True	True
ENSMUSG00000055763.10	Rybp-ps	True	True	False	False
ENSMUSG00000056904.4	Gm5620	True	False	True	True
ENSMUSG00000057244.7	Gm6139	True	True	True	True
ENSMUSG00000058147.3	Xlr3c	True	False	True	True
ENSMUSG00000058385.9	H2bc8	True	True	True	True
ENSMUSG00000058625.7	Gm17383	True	False	True	True
ENSMUSG00000059422.6	Gm8116	True	True	True	True
ENSMUSG00000060019.7	Gm10073	True	True	True	True
ENSMUSG00000060143.10	Gm10076	True	True	True	True
ENSMUSG00000061062.6	Hdac1-ps	True	True	True	True
ENSMUSG00000062683.13	Atp5mc2	True	True	True	True
ENSMUSG00000062933.8	Gm10123	True	True	True	True
ENSMUSG00000063628.3	Gm7665	True	True	False	True
ENSMUSG00000063696.8	Gm8730	True	True	True	True
ENSMUSG00000066363.14	Serpina3f	False	True	False	True
ENSMUSG00000066487.4	Gm5786	False	True	True	True
ENSMUSG00000066554.7	Gm10167	True	True	True	True
ENSMUSG00000067344.8	Rps25-ps1	True	True	True	True
ENSMUSG00000068604.5	Gm8225	True	True	False	False
ENSMUSG00000068855.4	H2ac20	False	True	True	True
ENSMUSG00000069310.5	H3c3	True	True	True	True
ENSMUSG00000069917.9	Hba-a2	True	True	True	True
ENSMUSG00000069919.9	Hba-a1	True	True	True	True
ENSMUSG00000070522.5	Gm6505	True	False	False	False
ENSMUSG00000070572.8	Trmt112-ps2	True	True	True	True
ENSMUSG00000071561.4	Cstdc5	False	True	True	True
ENSMUSG00000072476.7	Rnf26rt	True	True	True	True
ENSMUSG00000072940.6	Gm10443	True	True	True	True
ENSMUSG00000073471.5	Rsph3a	False	True	True	True
ENSMUSG00000073940.5	Hbb-bt	True	True	True	True
ENSMUSG00000074034.2	Gm5921	True	True	True	False
ENSMUSG00000074516.7	Gm10709	True	True	True	True
ENSMUSG00000078249.6	Hmga1b	True	True	True	True
ENSMUSG00000078887.12	Gm6710	True	False	True	True
ENSMUSG00000078897.11	Gm4724	True	False	True	True
ENSMUSG00000078903.12	Gm14391	True	False	True	True
ENSMUSG00000079297.5	Gm2223	True	True	True	True
ENSMUSG00000079343.5	C1s2	True	True	True	True
ENSMUSG00000079575.4	Rbpj-ps3	True	True	True	True
ENSMUSG00000080893.2	Ndufa12-ps	True	True	True	True
ENSMUSG00000080921.5	Rpl38-ps2	True	True	True	True
ENSMUSG00000080935.4	Got2-ps1	True	True	True	True
ENSMUSG00000081170.2	Gm12922	True	True	True	True
ENSMUSG00000081262.2	Gm12261	True	True	True	False
ENSMUSG00000081476.2	Itpa-ps1	True	True	True	True
ENSMUSG00000081485.6	Gm12338	True	True	True	True
ENSMUSG00000081739.4	Mdm4-ps	True	False	False	False
ENSMUSG00000081824.6	Ndufs5-ps	True	True	True	True
ENSMUSG00000082016.4	Pgam1-ps2	True	False	True	True
ENSMUSG00000082029.2	H3f3c	True	True	True	True
ENSMUSG00000082045.5	Gm11585	True	True	True	True
ENSMUSG00000082070.2	Gm1866	True	True	True	True
ENSMUSG00000082145.2	Gm12312	True	True	False	False
ENSMUSG00000082809.4	Gm14150	True	True	True	True
ENSMUSG00000083482.2	Gm14706	True	True	False	False
ENSMUSG00000083554.2	Gm6645	True	True	False	False
ENSMUSG00000083902.3	Tent2-ps1	True	False	True	True
ENSMUSG00000084131.2	Rpl3-ps2	True	True	True	True
ENSMUSG00000084159.2	Gm12696	True	True	True	True
ENSMUSG00000085342.2	Gm12254	True	True	True	True
ENSMUSG00000086240.5	Gm7846	True	True	True	True
ENSMUSG00000087175.10	Gm15133	False	True	True	True
ENSMUSG00000090142.3	Gm15795	True	True	False	True
ENSMUSG00000091329.5	1700112D23Rik	True	True	True	True
ENSMUSG00000091408.4	Gm6728	True	True	False	False
ENSMUSG00000091498.5	Mpc1-ps	True	True	True	True
ENSMUSG00000091639.3	Gm3756	True	False	True	True
ENSMUSG00000091695.3	Gm17669	True	True	False	False
ENSMUSG00000091866.2	Gm6257	True	True	False	False
ENSMUSG00000091900.4	Gm4353	True	False	True	False
ENSMUSG00000092212.5	Slc22a13b	False	True	True	True
ENSMUSG00000093826.2	Gm6900	False	True	True	True
ENSMUSG00000093846.3	Gm4425	True	False	True	True
ENSMUSG00000094090.3	Gm8494	True	True	True	True
ENSMUSG00000094374.3	Gm5435	True	False	False	False
ENSMUSG00000094437.3	Gm9830	True	True	False	False
ENSMUSG00000094446.2	Gm6344	True	True	True	True
ENSMUSG00000094497.2	Gm8210	True	False	True	True
ENSMUSG00000094568.2	Smarce1-ps1	True	True	True	True
ENSMUSG00000094685.3	Gm5900	True	True	False	False
ENSMUSG00000094935.3	Gm9726	True	True	False	False
ENSMUSG00000095427.3	Rps2-ps6	True	True	True	True
ENSMUSG00000095562.10	Erdr1x	True	True	True	True
ENSMUSG00000096403.3	Rnps1-ps	True	True	True	True
ENSMUSG00000096768.11	Erdr1y	True	True	True	True
ENSMUSG00000096842.2	Gm10736	True	True	True	True
ENSMUSG00000097644.3	Gm26862	True	True	False	False
ENSMUSG00000098009.2	Gm5597	True	True	False	False
ENSMUSG00000098470.2	C1rb	False	True	False	False
ENSMUSG00000098973.3	Mir6236	True	True	True	True
ENSMUSG00000098985.2	Gm27219	True	True	True	True
ENSMUSG00000099858.2	Gm6652	True	True	True	True
ENSMUSG00000100078.2	Gm6170	True	True	True	True
ENSMUSG00000100801.2	Gm15459	True	True	True	True
ENSMUSG00000101316.2	Gm12663	True	True	False	False
ENSMUSG00000102038.2	Gm12345	True	True	False	False
ENSMUSG00000103922.2	Gm6123	True	True	False	False
ENSMUSG00000104222.3	Gm7292	True	True	True	True
ENSMUSG00000104309.2	Gm5846	True	True	True	False
ENSMUSG00000107092.2	Gm7993	True	True	True	True
ENSMUSG00000107470.3	Gm3375	True	False	True	True
ENSMUSG00000108892.2	Gm9449	True	True	False	False
ENSMUSG00000110331.2	Nudc-ps1	True	True	True	True
ENSMUSG00000110686.2	Gm45855	True	True	True	True
ENSMUSG00000111897.2	Gm19810	True	True	False	False
ENSMUSG00000112163.2	Gm8188	True	True	True	True
ENSMUSG00000113061.2	Rps18-ps5	True	True	True	True
ENSMUSG00000113255.2	Tes3-ps	True	True	True	True
ENSMUSG00000113263.2	Gm4811	True	True	True	True
ENSMUSG00000113600.2	Gm7868	True	True	False	False
ENSMUSG00000113637.2	Gm7049	False	True	False	False
ENSMUSG00000114023.2	Gm6474	True	False	True	False
ENSMUSG00000114547.2	Gm3226	True	True	True	True
ENSMUSG00000114733.2	Gm4815	True	True	False	False
ENSMUSG00000115017.2	Gm2573	True	True	True	True
ENSMUSG00000115616.3	Gm48923	True	True	False	False
ENSMUSG00000115743.2	Gm7004	True	True	False	False
ENSMUSG00000115785.2	Gm6740	False	True	False	False
ENSMUSG00000116358.2	Gm49450	True	True	False	False
ENSMUSG00000116775.2	Gm49769	True	True	True	True
ENSMUSG00000117241.2	Gm9214	True	False	False	False
ENSMUSG00000117278.2	Gm36684	True	True	False	False
ENSMUSG00000117667.2	Gm18293	True	True	False	False
ENSMUSG00000117771.2	Gm25432	True	False	True	True
ENSMUSG00000117804.2	Gm6252	True	True	False	True
ENSMUSG00000120284.2	Gm56714	True	False	True	True
ENSMUSG00000121171.2	Gm54112	True	True	False	False
ENSMUSG00000121673.1	Gm70704	True	True	True	True
ENSMUSG00000121749.1	Gm63448	True	True	True	True
ENSMUSG00000121785.1	Ubb-ps	True	True	True	True
ENSMUSG00000122060.1	Gm61257	True	False	True	True
ENSMUSG00000123149.1	ENSMUSG00000123149	True	True	True	True
ENSMUSG00000127797.1	Gm68762	False	True	True	True
ENSMUSG00000128549.1	Gm62377	True	True	False	False
ENSMUSG00000129791.1	Gm74471	True	True	True	True
ENSMUSG00000130847.1	Gm67095	True	True	True	True
ENSMUSG00000138269.1	Gm73784	True	True	True	True
ENSMUSG00000140389.1	Gm74136	True	True	False	False
ENSMUSG00000140457.1	Gm75556	True	True	True	True
ENSMUSG00000140766.1	Gm7931	True	True	True	True
ENSMUSG00000143263.1	Gm31064	True	False	False	False
ENSMUSG00000143530.1	Gm61259	True	True	True	True
