pathway	pval	padj	log2err	ES	NES	size	leadingEdge
GOBP_NEPHRON_MORPHOGENESIS	0.00223320321106077	0.220486952217942	0.136831791314999	-0.501024726361749	-1.7070852057704	78	Fgf1;Tmem59l;Gdnf;Hs3st3a1;Sox8;Gata3;Lgr4;Npnt;Wnt6;Wnt11;Cited1;Adamts16;Six2;Erbb4;Osr1;Bmp7;Nog
GOBP_MESONEPHROS_DEVELOPMENT	0.00416013117392344	0.220486952217942	0.129006250027651	-0.450161605751157	-1.60170950455491	102	Fgf1;Tmem59l;Gdnf;Hs3st3a1;Crlf1;Sox8;Gata3;Lgr4;Npnt;Wnt6;Wnt11;Epcam;Cited1;Zbtb16;Adamts16;Six2;Osr1;Bmp7;Nog;Arg2;Foxj1;Sdc4;Lhx1;Calb1;Hs3st3b1;Gdf11
GOBP_NEPHRON_DEVELOPMENT	0.0113024925717035	0.331046573212097	0.120674297088991	-0.384987293058712	-1.46792397762483	157	Fgf1;Tmem59l;Gdnf;Hs3st3a1;Sox8;Col4a4;Gata3;Lgr4;Npnt;Wnt6;Wnt11;Cited1;Nup85;Umod;Adamts16;Six2;Dll1;Erbb4;Osr1;Bmp7;Enpep;Nog;Dchs2;Foxj1;Heyl;Itga3;Lhx1;Calb1;Hs3st3b1;Lamb2;Hs2st1;Itgb3;Aqp11;Mtss1;Notch3;Wnt9b;Gpr4;Acta2;Irx3;Wnk4;Col4a3;Greb1l;Wt1;Tek;Ptpro;Hnf1b;Maged1;Slc22a6;Comt
GOBP_RENAL_TUBULE_DEVELOPMENT	0.0135985630259663	0.331046573212097	0.120674297088991	-0.421348200158575	-1.49223215925992	101	Fgf1;Tmem59l;Gdnf;Hs3st3a1;Sox8;Gata3;Lgr4;Npnt;Wnt6;Wnt11;Cited1;Umod;Adamts16;Six2;Dll1;Osr1;Nog;Heyl;Lhx1;Calb1;Hs3st3b1;Hs2st1;Aqp11;Mtss1;Wnt9b;Col4a1;Irx3;Wnk4;Greb1l;Wt1;Hnf1b;Maged1;Slc22a6
GOBP_KIDNEY_MORPHOGENESIS	0.015615404396797	0.331046573212097	0.120674297088991	-0.422059045889263	-1.49764916654468	97	Fgf1;Tmem59l;Gdnf;Hs3st3a1;Sox8;Gata3;Lgr4;Npnt;Wnt6;Wnt11;Cited1;Fras1;Adamts16;Six2;Erbb4;Osr1;Bmp7;Nog;Foxj1;Lhx1;Calb1;Hs3st3b1
GOBP_NEPHRON_EPITHELIUM_DEVELOPMENT	0.0288900793308779	0.510391401512176	0.111722689770913	-0.380716439408042	-1.39182536053165	119	Fgf1;Tmem59l;Gdnf;Hs3st3a1;Sox8;Gata3;Lgr4;Npnt;Wnt6;Wnt11;Cited1;Umod;Adamts16;Six2;Dll1;Osr1;Nog;Foxj1;Heyl;Lhx1;Calb1;Hs3st3b1;Lamb2;Hs2st1;Aqp11;Mtss1;Wnt9b;Irx3;Wnk4;Greb1l;Wt1;Ptpro;Hnf1b;Maged1;Slc22a6
GOBP_KIDNEY_EPITHELIUM_DEVELOPMENT	0.0373140571438328	0.519235164197886	0.101988395621134	-0.356944199142608	-1.34515108792169	148	Fgf1;Tmem59l;Gdnf;Hs3st3a1;Crlf1;Sox8;Gata3;Lgr4;Npnt;Wnt6;Wnt11;Epcam;Cited1;Umod;Adamts16;Six2;Dll1;Osr1;Bmp7;Nog;Arg2;Foxj1;Heyl;Sdc4;Lhx1;Calb1;Hs3st3b1;Lamb2;Gdf11
ureteric_bud	0.0391875595621046	0.519235164197886	0.101988395621134	-0.790180643777906	-1.53748974644876	6	Gfra1;Gata3;Wnt11;Calb1;Wnt9b
GOBP_GLOMERULAR_ENDOTHELIUM_DEVELOPMENT	0.0462636149170371	0.533132688465032	0.101988395621134	0.795239980437388	1.48673923699411	5	Ednra;Edn1;Pecam1;Foxc2
REACTOME_KIDNEY_DEVELOPMENT	0.0502955366476445	0.533132688465032	0.101988395621134	-0.470024975203812	-1.47869908791358	46	Wfdc2;Gdnf;Gfra1;Hoxc11;Gata3;Npnt;Wnt11;Six2;Hoxb4;Dll1;Osr1
GOBP_PROXIMAL_DISTAL_PATTERN_FORMATION_INVOLVED_IN_NEPHRON_DEVELOPMENT	0.0625435986428004	0.602692859648804	0.0912211942099992	-0.796436975413477	-1.49334273554272	5	Osr1;Irx3
GOBP_URETERIC_BUD_ELONGATION	0.0730083113928225	0.618764437857583	0.0912211942099992	-0.728341436617402	-1.49786997966111	7	Fgf1
GOBP_MESENCHYMAL_STEM_CELL_MAINTENANCE_INVOLVED_IN_NEPHRON_MORPHOGENESIS	0.0884822590700634	0.618764437857583	0.0912211942099992	-0.735438348354402	-1.43097521894995	6	Six2;Bmp7;Wnt9b;Hnf1b
nephron_progenitor	0.0895408725523613	0.618764437857583	0.0912211942099992	-0.711647368456312	-1.4635378075784	7	Cited1;Six2;Osr1;Meox1
GOBP_NEPHRON_TUBULE_FORMATION	0.0926089643587091	0.618764437857583	0.0912211942099992	-0.541256497350156	-1.41744701240212	20	Gdnf;Sox8;Gata3;Wnt6;Osr1;Nog;Hs2st1;Wnt9b;Irx3;Hnf1b;Six4
GOBP_RENAL_ALBUMIN_ABSORPTION	0.0933984057143522	0.618764437857583	0.0912211942099992	0.746974167983867	1.39650398858446	5	Ednrb;Ednra
GOBP_RENAL_RESPONSE_TO_BLOOD_FLOW_INVOLVED_IN_CIRCULATORY_RENIN_ANGIOTENSIN_REGULATION_OF_SYSTEMIC_ARTERIAL_BLOOD_PRESSURE	0.105972819487698	0.66077169798212	0.0912211942099992	0.674251065019592	1.36470959434055	7	F2r;Ednrb;Or51e2
GOBP_RENAL_SYSTEM_VASCULATURE_MORPHOGENESIS	0.137978067812352	0.781265694708002	0.0789998715494132	0.637432685410971	1.33702096830185	8	Tcf21;Bmp4;Pkd2;Pdgfrb;Nrp1
GOBP_RENAL_VESICLE_DEVELOPMENT	0.156135246588239	0.781265694708002	0.0789998715494132	-0.520079159386096	-1.31243439137692	17	Gdnf;Sox8;Six2;Osr1;Lhx1
REACTOME_NEPHRON_DEVELOPMENT	0.156397879405404	0.781265694708002	0.0789998715494132	-0.566187599482941	-1.35096361862435	13	Dll1;Lhx1;Lfng;Wnt9b;Wt1;Hnf1b;Pou3f3;Hnf4a
GOBP_RENAL_PROTEIN_ABSORPTION	0.161218068266777	0.781265694708002	0.0789998715494132	0.636703285166304	1.28871147128163	7	Ednrb;Ednra
GOBP_PATTERN_SPECIFICATION_INVOLVED_IN_KIDNEY_DEVELOPMENT	0.179584643220348	0.781265694708002	0.0789998715494132	-0.627036720084847	-1.33527328897565	8	Osr1;Irx3
GOBP_METANEPHROS_MORPHOGENESIS	0.180719152274643	0.781265694708002	0.0789998715494132	-0.433720238198112	-1.27058541163399	30	Gdnf;Sox8;Lgr4;Fras1;Six2;Foxj1;Lhx1;Calb1
GOBP_REGULATION_OF_EPITHELIAL_CELL_DIFFERENTIATION_INVOLVED_IN_KIDNEY_DEVELOPMENT	0.18490755114202	0.781265694708002	0.0789998715494132	-0.510769006291542	-1.27000098303881	16	Gdnf;Gata3;Osr1;Lhx1;Wnt9b
GOBP_GLOMERULUS_VASCULATURE_MORPHOGENESIS	0.194577301381423	0.781265694708002	0.0789998715494132	0.646679206582282	1.26575826752393	6	Tcf21;Bmp4;Pdgfrb
GOBP_URETER_DEVELOPMENT	0.197835637486879	0.781265694708002	0.0789998715494132	0.474860459190608	1.24124265615048	18	Tbx18;Six1;Sox9;Nfia;Bmp4;Foxf1;Sox17;Nphp3;Ret
GOBP_RENAL_SYSTEM_DEVELOPMENT	0.199001639218076	0.781265694708002	0.0789998715494132	-0.264064913968813	-1.10252630282232	317	Fgf1;Tmem59l;Ctsh;Gdnf;Gfra1;Hs3st3a1;Crlf1;Sox8;Hoxc11;Kcnj8;Col4a4;Gata3;Lgr4;Npnt;Wnt6;Wnt11;Epcam;Stra6;Arl3;Cited1;Nup85;Zbtb16;Umod;Fras1;Adamts16;Six2;Frem2;Dll1;Erbb4;Osr1;Bmp7;Cdkn1c;Enpep;Pcsk9;Nog;Arg2;Dchs2;Foxj1;Heyl;Sdc4;Aldh1a2;Itga3;Lhx1;Tiparp;Calb1;Ovol1;Hs3st3b1;Wnt5a;Lamb2;Odc1;Gdf11;Cc2d2a;Cntrl;Lrp4;Anks6;Hs2st1;Gli2;Itgb3;Aqp11;Mtss1;Ift27;Bag6;Notch3;Rrm2b;Wnt9b;Gpr4;Acta2;Col4a1;Adamts6
GOBP_METANEPHRIC_RENAL_VESICLE_MORPHOGENESIS	0.219167124832619	0.783352842390631	0.0789998715494132	-0.530904417441715	-1.2667754531991	13	Gdnf;Six2;Lhx1;Wnt9b
GOBP_GLOMERULUS_MORPHOGENESIS	0.221081701051923	0.783352842390631	0.0789998715494132	0.569646859741028	1.23307112426087	9	Tcf21;Bmp4;Mef2c;Pdgfrb
GOBP_RENAL_TUBULAR_SECRETION	0.23007501216101	0.783352842390631	0.0789998715494132	-0.485892107937855	-1.22624142096146	18	Spx;Umod;Mllt6;Atp6v1b1;Slc22a12
GOBP_METANEPHRIC_PART_OF_URETERIC_BUD_DEVELOPMENT	0.259703903620592	0.783352842390631	0.0645031250138254	-0.628487816515071	-1.22287679566533	6	Foxj1;Lhx1;Calb1;Wt1
REACTOME_FORMATION_OF_THE_URETERIC_BUD	0.260069370466044	0.783352842390631	0.0645031250138254	-0.446616226129149	-1.19272117945053	21	Gdnf;Gfra1;Hoxc11;Npnt;Wnt11;Six2
REACTOME_VASOPRESSIN_REGULATES_RENAL_WATER_HOMEOSTASIS_VIA_AQUAPORINS	0.260468173928621	0.783352842390631	0.0645031250138254	0.367630839487686	1.14094540312104	39	Gng10;Gnb4;Gng7;Prkar2a;Gnb3;Adcy4;Gng4;Adcy2;Adcy5;Gng11;Prkar1a;Gnb1
GOBP_RENAL_SODIUM_ION_TRANSPORT	0.262250042114221	0.783352842390631	0.0645031250138254	0.456274575636648	1.15565021171376	16	Ednrb;Ednra;Wnk3;Sgk1;Edn1;Guca2b
GOBP_METANEPHRIC_NEPHRON_TUBULE_MORPHOGENESIS	0.269319679748288	0.783352842390631	0.0645031250138254	-0.576038390981899	-1.22667246154031	8	Sox8;Lgr4
GOBP_MESENCHYMAL_TO_EPITHELIAL_TRANSITION_INVOLVED_IN_METANEPHROS_MORPHOGENESIS	0.282551941445684	0.783352842390631	0.0645031250138254	-0.506263824616756	-1.17050910077568	11	Gdnf;Six2;Wnt9b
GOBP_METANEPHRIC_NEPHRON_MORPHOGENESIS	0.288677727145511	0.783352842390631	0.0645031250138254	-0.423936809635624	-1.14849559584669	23	Gdnf;Sox8;Lgr4;Six2;Lhx1
GOBP_REGULATION_OF_MESENCHYMAL_TO_EPITHELIAL_TRANSITION_INVOLVED_IN_METANEPHROS_MORPHOGENESIS	0.293840932947455	0.783352842390631	0.0645031250138254	-0.57301729721342	-1.17843824911117	7	Gdnf;Wnt9b
GOBP_REGULATION_OF_BRANCHING_INVOLVED_IN_URETERIC_BUD_MORPHOGENESIS	0.294711313402666	0.783352842390631	0.0645031250138254	-0.431087950183564	-1.1512517869003	21	Gdnf;Sox8;Lgr4;Six2;Nog;Lhx1
GOBP_REGULATION_OF_KIDNEY_DEVELOPMENT	0.309350755485053	0.783352842390631	0.0645031250138254	-0.372302530050374	-1.11830285110218	34	Gdnf;Sox8;Gata3;Lgr4;Six2;Osr1;Nog
stroma	0.313094015701895	0.783352842390631	0.0645031250138254	0.645361558653726	1.14019424491748	4	Tcf21;Pdgfrb
GOBP_POSITIVE_REGULATION_OF_EPITHELIAL_CELL_DIFFERENTIATION_INVOLVED_IN_KIDNEY_DEVELOPMENT	0.313548230711002	0.783352842390631	0.0645031250138254	-0.563430545331016	-1.15872262244876	7	Gdnf;Lhx1
GOBP_GLOMERULAR_BASEMENT_MEMBRANE_DEVELOPMENT	0.31777520964903	0.783352842390631	0.0645031250138254	-0.490906225618461	-1.13500150864785	11	Col4a4;Lamb2;Col4a3;Wt1
GOBP_REGULATION_OF_RENAL_SODIUM_EXCRETION	0.331234267396028	0.78410978089059	0.0645031250138254	-0.555593280521582	-1.1426049019807	7	Spx
GOBP_URETER_MORPHOGENESIS	0.349425619606252	0.78410978089059	0.0645031250138254	-0.545973007928497	-1.12282033832844	7	Sox8;Gata3;Lhx1
GOBP_METANEPHRIC_TUBULE_MORPHOGENESIS	0.349728298268901	0.78410978089059	0.0645031250138254	-0.490065051108786	-1.11404123106845	10	Sox8;Lgr4
GOBP_URETERIC_BUD_FORMATION	0.363069133873887	0.78410978089059	0.0645031250138254	-0.537510866665903	-1.10541752870695	7	Gdnf;Gata3;Nog;Hs2st1
GOBP_RENAL_SYSTEM_PROCESS	0.364081917902457	0.78410978089059	0.0645031250138254	0.271748966050538	1.05084984995792	130	F2r;Tacr1;Ednrb;Ednra;Wnk3;Prkar2a;Bmp4;Kcnma1;Adcy4;Ppp3ca;Chrna7;Adora2a;Rhoa;Chrna3;Has2;Akr1c18;Or51e2;Sgk1;Drd2;Npr3;Abcg2;Adcy2;Edn1;Slc4a5;Clcnkb;Adcy5;Tmem63c;Adm;Xpnpep3;Guca2b;Chrnb2;Agt;Prkar1a;Slc15a2;Mcam
GOBP_RENAL_SODIUM_EXCRETION	0.36780246154297	0.78410978089059	0.0645031250138254	-0.47016026919701	-1.0870357453149	11	Spx;Mllt6;Atp6v1b1
GOBP_RENAL_SYSTEM_VASCULATURE_DEVELOPMENT	0.369863104193675	0.78410978089059	0.0645031250138254	0.3581799431787	1.04026639145514	31	Tcf21;Ednra;Bmp4;Angpt2;Il6ra;Edn1;Pkd2;Pdgfrb;Pecam1;Foxc2;Notch1;Nrp1;Hes1
GOBP_RENAL_WATER_HOMEOSTASIS	0.382743303258513	0.785359332090963	0.0645031250138254	-0.362265033658895	-1.06735213013906	31	Myo5b;Umod;Mllt6;Atp6v1b1;Prkacb;Adcy7;Aqp4;Avpr2;Aqp3;Adcy8
GOBP_METANEPHRIC_NEPHRON_DEVELOPMENT	0.385270615742737	0.785359332090963	0.0645031250138254	-0.340984811445727	-1.04132346547307	39	Gdnf;Sox8;Lgr4;Six2;Osr1;Lhx1;Lamb2
GOBP_METANEPHRIC_DISTAL_TUBULE_DEVELOPMENT	0.412084722793754	0.79692954296336	0.0645031250138254	-0.513465607320918	-1.05596727046916	7	Umod;Calb1
GOBP_NEGATIVE_REGULATION_OF_CELL_PROLIFERATION_INVOLVED_IN_KIDNEY_DEVELOPMENT	0.41243673657099	0.79692954296336	0.0645031250138254	-0.583741810056062	-1.09453304955764	5	Gata3;Bmp7;Wt1
GOBP_PRONEPHROS_DEVELOPMENT	0.426136375440213	0.79692954296336	0.0645031250138254	0.473234707332079	1.02437508893583	9	Cep290;Pax2
GOBP_METANEPHRIC_MESENCHYME_DEVELOPMENT	0.431664259443103	0.79692954296336	0.0645031250138254	0.414166640566026	1.01299022209585	14	Six1;Tcf21;Smad4;Myc;Pkd2;Stat1;Wnt4
GOBP_RENAL_SYSTEM_PROCESS_INVOLVED_IN_REGULATION_OF_SYSTEMIC_ARTERIAL_BLOOD_PRESSURE	0.436723523461284	0.79692954296336	0.0645031250138254	0.357120433483689	0.991507692087282	23	F2r;Ednrb;Rhoa;Or51e2
GOBP_METANEPHRIC_NEPHRON_EPITHELIUM_DEVELOPMENT	0.442746790619768	0.79692954296336	0.0645031250138254	-0.372605706955105	-1.02832326002613	24	Sox8;Lgr4;Umod;Osr1;Calb1;Lamb2
GOBP_REGULATION_OF_MESONEPHROS_DEVELOPMENT	0.4435739908947	0.79692954296336	0.0645031250138254	-0.570365630228403	-1.06945231926561	5	Gdnf;Gata3
GOBP_METANEPHROS_DEVELOPMENT	0.501935208772423	0.866880753585956	0.0456105971049996	-0.274412476895232	-0.957709599350064	89	Ctsh;Gdnf;Sox8;Hoxc11;Lgr4;Cited1;Umod;Fras1;Six2;Osr1;Bmp7;Foxj1;Lhx1;Calb1;Lamb2;Gdf11
GOBP_METANEPHRIC_EPITHELIUM_DEVELOPMENT	0.506948822903089	0.866880753585956	0.0456105971049996	-0.344155350466406	-0.979611914438779	27	Sox8;Lgr4;Umod;Osr1;Calb1;Lamb2;Wnt9b;Wt1;Slc22a6
GOBP_EPITHELIAL_CELL_DIFFERENTIATION_INVOLVED_IN_KIDNEY_DEVELOPMENT	0.507858785309393	0.866880753585956	0.0456105971049996	-0.304226028031322	-0.960186480344681	49	Gdnf;Gata3;Six2;Osr1;Foxj1;Lhx1;Lamb2;Mtss1;Wnt9b;Gpr4;Acta2;Wt1;Ptpro
GOBP_METANEPHRIC_NEPHRON_TUBULE_EPITHELIAL_CELL_DIFFERENTIATION	0.519230794347354	0.866880753585956	0.0456105971049996	0.478342774424025	0.936269970140917	6	Wwtr1;Stat1;Pax2;Yap1
GOBP_RENAL_VESICLE_FORMATION	0.527307220903362	0.866880753585956	0.0456105971049996	-0.467930843738854	-0.962322790048953	7	Sox8
GOBP_KIDNEY_MESENCHYME_DEVELOPMENT	0.542626774649783	0.866880753585956	0.0456105971049996	0.346921329687159	0.888260234830449	17	Six1;Tcf21;Smad4;Myc;Pkd2
GOBP_REGULATION_OF_GLOMERULUS_DEVELOPMENT	0.550028534468133	0.866880753585956	0.0456105971049996	0.467006669532616	0.914081583160527	6	Bmp4;Ppp3ca;Ret;Pax2;Agtr2
GOBP_CELL_DIFFERENTIATION_INVOLVED_IN_METANEPHROS_DEVELOPMENT	0.557096506485201	0.866880753585956	0.0456105971049996	-0.346161433246229	-0.924449334320282	21	Gdnf;Six2;Osr1;Lamb2;Wnt9b
GOBP_RENAL_WATER_ABSORPTION	0.5641362056573	0.866880753585956	0.0456105971049996	-0.485412731989357	-0.944489217884564	6	Mllt6;Avpr2;Aqp3
GOBP_METANEPHRIC_COLLECTING_DUCT_DEVELOPMENT	0.579673795213649	0.866880753585956	0.0456105971049996	0.436612299708935	0.915798347166607	8	Wnt7b;Ptch1;Pax2
GOBP_NEPHRON_TUBULE_EPITHELIAL_CELL_DIFFERENTIATION	0.583633034762517	0.866880753585956	0.0456105971049996	-0.380914786078426	-0.920548922244216	14	Gata3;Osr1;Lhx1;Mtss1
GOBP_METANEPHRIC_GLOMERULUS_DEVELOPMENT	0.588846867333243	0.866880753585956	0.0456105971049996	-0.360639573316015	-0.896711834493355	16	Lgr4;Osr1;Lhx1;Lamb2
GOBP_GLOMERULAR_EPITHELIUM_DEVELOPMENT	0.597098859198028	0.866880753585956	0.0456105971049996	0.314531597996201	0.891464833883052	27	Ednrb;Ednra;Edn1;Cd24a;Pecam1;Foxc2;Prom1;Nphs2;Magi2;Jag1;Foxc1
differentiation	0.598086693237497	0.866880753585956	0.0456105971049996	-0.439632908647252	-0.904126695018356	7	Lhx1;Hnf1b
GOBP_METANEPHRIC_LOOP_OF_HENLE_DEVELOPMENT	0.627985315973304	0.866880753585956	0.0456105971049996	0.432303162861756	0.846155708888391	6	Wnt7b;Pkd2
GOBP_RENAL_WATER_TRANSPORT	0.649453613572676	0.866880753585956	0.0456105971049996	-0.418453291190619	-0.891095344998575	8	Mllt6;Avpr2;Aqp3
GOBP_REGULATION_OF_RENAL_SYSTEM_PROCESS	0.665135901469247	0.866880753585956	0.0456105971049996	-0.32822250796201	-0.85955183095549	20	Spx;Adora1;Coro2b
GOBP_REGULATION_OF_CELL_PROLIFERATION_INVOLVED_IN_KIDNEY_DEVELOPMENT	0.672527254845205	0.866880753585956	0.0456105971049996	-0.352262980356155	-0.851306693163204	14	Gata3;Bmp7;Itgb3;Wt1
GOBP_MESENCHYMAL_CELL_DIFFERENTIATION_INVOLVED_IN_KIDNEY_DEVELOPMENT	0.686055468745155	0.866880753585956	0.0456105971049996	-0.400086677182148	-0.822797925375079	7	Six2;Osr1
GOBP_RENAL_FILTRATION	0.693751332109748	0.866880753585956	0.0456105971049996	0.28685881589826	0.82162813693189	29	F2r;Ednra;Ppp3ca;Edn1;Tmem63c;Xpnpep3;Mcam;Tbc1d8b;Sulf1;Gja5;Nphs2
GOBP_METANEPHRIC_S_SHAPED_BODY_MORPHOGENESIS	0.699432892249527	0.866880753585956	0.0596037042575973	0.431603352970895	0.806903143032517	5	Bmp4;Pkd2
GOBP_POSITIVE_REGULATION_OF_CELL_PROLIFERATION_INVOLVED_IN_KIDNEY_DEVELOPMENT	0.700175949816384	0.866880753585956	0.0456105971049996	0.396278085493729	0.831196958847555	8	Il6ra;Myc;Egr1;Cflar
GOBP_METANEPHRIC_MESENCHYMAL_CELL_DIFFERENTIATION	0.701323251417769	0.866880753585956	0.059476028695732	0.428021724989815	0.80020711795483	5	Tcf21;Stat1;Wnt4;Pax2
GOBP_GLOMERULAR_EPITHELIAL_CELL_DEVELOPMENT	0.71027600359585	0.866880753585956	0.0456105971049996	-0.349548550214534	-0.822015298313683	12	Foxj1;Lamb2
GOBP_CELL_PROLIFERATION_INVOLVED_IN_METANEPHROS_DEVELOPMENT	0.713933185535911	0.866880753585956	0.0456105971049996	-0.356740051363453	-0.810959943160979	10	Osr1;Bmp7
GOBP_METANEPHRIC_TUBULE_FORMATION	0.715124043228893	0.866880753585956	0.0456105971049996	-0.411184899083102	-0.800060810414544	6	Sox8;Wnt9b
GOBP_POSITIVE_REGULATION_OF_KIDNEY_DEVELOPMENT	0.715951370883888	0.866880753585956	0.0456105971049996	-0.35615841903256	-0.809637746451641	10	Sox8;Nog
GOBP_REGULATION_OF_GLOMERULAR_FILTRATION	0.717948717948718	0.866880753585956	0.0603786357920401	0.367887252459751	0.814691138401636	10	F2r;Gja5
GOBP_CELL_PROLIFERATION_INVOLVED_IN_KIDNEY_DEVELOPMENT	0.723256997117397	0.866880753585956	0.0456105971049996	-0.309444508690885	-0.826394111515228	21	Gata3;Osr1;Bmp7
GOBP_RENAL_ABSORPTION	0.730789386466675	0.866880753585956	0.0456105971049996	0.271857049264897	0.826149186034975	37	Ednrb;Ednra;Wnk3;Has2;Akr1c18;Sgk1;Edn1;Clcnkb;Guca2b;Slc15a2
GOBP_RENAL_CONTROL_OF_PERIPHERAL_VASCULAR_RESISTANCE_INVOLVED_IN_REGULATION_OF_SYSTEMIC_ARTERIAL_BLOOD_PRESSURE	0.736030828516378	0.866880753585956	0.0580983576873206	0.401064512372559	0.785011667576215	6	Rhoa;Agt;Agtr2
GOBP_REGULATION_OF_KIDNEY_SIZE	0.770186335403727	0.892655128746306	0.0593487680335629	-0.380192232505427	-0.739756995769758	6	Hnf1b;Asxl1;Lrrk2
GOBP_RENAL_SYSTEM_PROCESS_INVOLVED_IN_REGULATION_OF_BLOOD_VOLUME	0.774757281553398	0.892655128746306	0.0560595875032335	0.33229128957502	0.779891840751388	12	F2r;Gja5
GOBP_GLOMERULUS_DEVELOPMENT	0.808139534883721	0.92110527631908	0.0540088272801684	-0.236882786503152	-0.799805035665192	73	Col4a4;Lgr4;Osr1;Bmp7;Enpep;Nog;Foxj1;Heyl;Lhx1;Lamb2;Itgb3;Mtss1;Notch3;Gpr4;Acta2;Col4a3;Wt1;Tek;Ptpro;Comt
GOBP_CELL_DIFFERENTIATION_INVOLVED_IN_KIDNEY_DEVELOPMENT	0.838582677165354	0.942612410365947	0.0530212512043078	-0.242840435624784	-0.789066457852636	58	Gdnf;Gata3;Six2;Osr1;Foxj1;Lhx1;Lamb2;Mtss1;Wnt9b;Gpr4;Acta2;Wt1;Ptpro
GOBP_METANEPHRIC_GLOMERULUS_VASCULATURE_DEVELOPMENT	0.850098619329389	0.942612410365947	0.0524827622635459	0.315343912991768	0.682600924892934	9	Tcf21;Pdgfrb
GOBP_GLOMERULAR_MESANGIUM_DEVELOPMENT	0.855648535564854	0.942612410365947	0.0549073703290958	-0.270825437807595	-0.673393584988279	16	Bmp7;Itgb3;Gpr4;Acta2;Wt1
GOBP_GLOMERULAR_MESANGIAL_CELL_DEVELOPMENT	0.862579281183932	0.942612410365947	0.0550211117163117	-0.346512573964065	-0.649721259908609	5	Gpr4;Acta2
GOBP_POSITIVE_REGULATION_OF_GLOMERULUS_DEVELOPMENT	0.888468809073724	0.954672304439746	0.048505983646947	0.332138054063541	0.620948002140864	5	Ppp3ca;Ret;Pax2;Agtr2
GOBP_GLOMERULAR_MESANGIAL_CELL_PROLIFERATION	0.900584795321637	0.954672304439746	0.0492917662312669	0.273511687467701	0.623819274124701	11	Bmp4;Il6ra;Pdgfrb;Egr1;Pdgfa;Cflar
GOBP_NEGATIVE_REGULATION_OF_KIDNEY_DEVELOPMENT	0.900634249471459	0.954672304439746	0.0530212512043078	-0.340129308525284	-0.603983882854518	4	Osr1;Hnf1b
GOBP_PODOCYTE_CELL_MIGRATION	0.919028340080972	0.964524792560228	0.0500922874402106	-0.285423909875483	-0.586988306014181	7	Tesk1;Wdpcp
GOBP_REGULATION_OF_METANEPHROS_DEVELOPMENT	0.930056710775047	0.966529522962304	0.0464154956843849	0.289475058489575	0.541187488273547	5	Ret;Pax2;Agtr2
GOBP_POSITIVE_REGULATION_OF_GLOMERULAR_MESANGIAL_CELL_PROLIFERATION	0.940269749518304	0.96765624707709	0.046788296531803	0.271362643549158	0.531143581041976	6	Il6ra;Egr1;Cflar
GOBP_METANEPHRIC_PROXIMAL_TUBULE_DEVELOPMENT	0.994328922495274	1	0.0433636987883266	0.210744195352909	0.393996368275638	5	Acat1;Aqp1
GOBP_CELL_MIGRATION_INVOLVED_IN_KIDNEY_DEVELOPMENT	0.998109640831758	1	0.0431901998334182	0.238365907301625	0.421133598748594	4	Pdgfrb;Pdgfa
GOBP_METANEPHRIC_GLOMERULAR_MESANGIUM_DEVELOPMENT	1	1	0.0431036828790402	0.188602779917442	0.352601931501483	5	Pdgfrb;Egr1;Cd34
