	E13.5	P1
n_genes_table	15488.0	16987.0
high_bias_n	387.0	563.0
high_bias_mean_abs_uncorrected	1.9929984646714483	1.8776392768370591
genomewide_mean_abs_uncorrected	0.1978630127307155	0.26379538643582895
genomewide_median_uncorrected	0.0015304076532802746	0.03458813773519864
high_bias_mean_abs_condA	1.7062824781040122	1.7099245071076878
genomewide_mean_abs_condA	0.18613396856351969	0.2539831985298815
genomewide_median_condA	-0.0017495913065253	0.031752743334727995
high_bias_mean_abs_condB	1.6711030308101618	1.6880417542842745
genomewide_mean_abs_condB	0.18487392379053744	0.25274125140803855
genomewide_median_condB	-0.0022544844277723186	0.03089358074285009
r_condA_condB	0.9887735404272057	0.9918800270191491
n_condA_condB	15321.0	16837.0
reverse_mean_abs_condA	0.02762588361011321	0.025656989551955077
reverse_mean_abs_condB	0.032803514405642095	0.030825599222414585
density_n	7377.0	11124.0
spearman_rho_condA	0.07563070266693844	0.06026117092623361
spearman_p_condA	7.816184166844468e-11	2.0065999594698667e-10
spearman_rho_condB	0.0541639964845357	0.03603077734438586
spearman_p_condB	3.2438161288507635e-06	0.00014412106558117104
quartile_Q1_low_condA	0.016266104517448882	0.0162061706257745
quartile_Q1_low_condB	0.02216890162371912	0.021145364746703373
quartile_Q2_condA	0.011076063035898379	0.006791913199613243
quartile_Q2_condB	0.013618434239437368	0.009676184547261569
quartile_Q3_condA	0.022224070613478045	0.016641830038863825
quartile_Q3_condB	0.026852278605434505	0.021727804274740862
quartile_Q4_high_condA	0.04150869443475324	0.03807232789399979
quartile_Q4_high_condB	0.05205016838947819	0.048942208267299225
