set	timepoint	gene	log2FoldChange	baseMean	padj
HALLMARK_INTERFERON_GAMMA_RESPONSE	E13.5	Adar	-0.0826868427466695	1739.1496232319	0.891136084353952
HALLMARK_INTERFERON_GAMMA_RESPONSE	E13.5	Apol6	-0.655406087191794	2.96481859618309	
HALLMARK_INTERFERON_GAMMA_RESPONSE	E13.5	Arid5b	0.257460259091508	2032.56942665023	0.18323317823991
HALLMARK_INTERFERON_GAMMA_RESPONSE	E13.5	Arl4a	-0.0745681250583347	508.717324311562	0.975706291394911
HALLMARK_INTERFERON_GAMMA_RESPONSE	E13.5	Auts2	-0.109660705932863	2242.13730065204	0.892560849573588
HALLMARK_INTERFERON_GAMMA_RESPONSE	E13.5	B2m	0.171489289735643	877.399189071436	0.748774870043874
HALLMARK_INTERFERON_GAMMA_RESPONSE	E13.5	Bank1	0.264763773597889	9.52034065258931	0.990851717555432
HALLMARK_INTERFERON_GAMMA_RESPONSE	E13.5	Batf2	0.188715968514167	3.85750639695644	0.995772990246935
HALLMARK_INTERFERON_GAMMA_RESPONSE	E13.5	Bpgm	-0.0362260988178444	869.875087233475	0.990851717555432
HALLMARK_INTERFERON_GAMMA_RESPONSE	E13.5	Bst2	-0.364208392471214	123.592947505311	0.651043053110555
HALLMARK_INTERFERON_GAMMA_RESPONSE	E13.5	Btg1	0.221686247790571	2762.05780192494	0.049918040142382
HALLMARK_INTERFERON_GAMMA_RESPONSE	E13.5	C1s1	0.294181196382499	316.617781580907	0.949310845431532
HALLMARK_INTERFERON_GAMMA_RESPONSE	E13.5	Casp1	-0.0914339731551856	19.9227439693245	0.995772990246935
HALLMARK_INTERFERON_GAMMA_RESPONSE	E13.5	Casp3	0.0376849659127539	2292.99341380696	0.989066070870869
HALLMARK_INTERFERON_GAMMA_RESPONSE	E13.5	Casp4	-0.110987815869035	52.6018837538977	0.990851717555432
HALLMARK_INTERFERON_GAMMA_RESPONSE	E13.5	Casp7	0.0422470979344307	567.69764731739	0.990851717555432
HALLMARK_INTERFERON_GAMMA_RESPONSE	E13.5	Casp8	-0.102353377968591	600.631867168913	0.885312696895797
HALLMARK_INTERFERON_GAMMA_RESPONSE	E13.5	Ccl2	0.467933359297437	9.87400325533443	0.960550772267807
HALLMARK_INTERFERON_GAMMA_RESPONSE	E13.5	Ccl7	0.507436111031734	2.41622012947756	
HALLMARK_INTERFERON_GAMMA_RESPONSE	E13.5	Cd274	-0.407012305897287	12.2223389754746	0.961928223593575
HALLMARK_INTERFERON_GAMMA_RESPONSE	E13.5	Cd38	0.0598966442736699	472.524232427129	0.990851717555432
HALLMARK_INTERFERON_GAMMA_RESPONSE	E13.5	Cd40	0.344328858435035	68.1070071125419	0.741277305183825
HALLMARK_INTERFERON_GAMMA_RESPONSE	E13.5	Cd74	0.557178445175511	37.6721930009393	0.59575088242479
HALLMARK_INTERFERON_GAMMA_RESPONSE	E13.5	Cd86	0.334982559516989	10.5172044892132	0.981328503827553
HALLMARK_INTERFERON_GAMMA_RESPONSE	E13.5	Cdkn1a	-0.210509689921515	339.795351968145	0.73126880407446
HALLMARK_INTERFERON_GAMMA_RESPONSE	E13.5	Cfh	-0.580466447588383	3663.80309727276	2.81119187491223e-05
HALLMARK_INTERFERON_GAMMA_RESPONSE	E13.5	Ciita	0.222756855841094	71.7811602323307	0.923387326411851
HALLMARK_INTERFERON_GAMMA_RESPONSE	E13.5	Cmklr1	-0.276240638405769	87.7369106608449	0.854317116263843
HALLMARK_INTERFERON_GAMMA_RESPONSE	E13.5	Cmpk2	-0.383006615053111	211.973628578368	0.182952786688565
HALLMARK_INTERFERON_GAMMA_RESPONSE	E13.5	Cmtr1	0.0217161350967696	333.108029749433	0.995772990246935
HALLMARK_INTERFERON_GAMMA_RESPONSE	E13.5	Csf2rb2	0.500587867971761	12.4652567493908	0.942095942588918
HALLMARK_INTERFERON_GAMMA_RESPONSE	E13.5	Cxcl10	-1.1605839931547	2.15892774454889	
HALLMARK_INTERFERON_GAMMA_RESPONSE	E13.5	Ddx60	0.164732353146941	17.5979733645876	0.993163767973002
HALLMARK_INTERFERON_GAMMA_RESPONSE	E13.5	Dhx58	-0.0404900891829874	73.1028913136044	0.995772990246935
HALLMARK_INTERFERON_GAMMA_RESPONSE	E13.5	Eif2ak2	0.0972860011513576	681.848101361326	0.932405914324138
HALLMARK_INTERFERON_GAMMA_RESPONSE	E13.5	Eif4e3	0.130057267139829	560.198151495274	0.817786444214572
HALLMARK_INTERFERON_GAMMA_RESPONSE	E13.5	Epsti1	0.340315664343403	4.51522903413488	0.990851717555432
HALLMARK_INTERFERON_GAMMA_RESPONSE	E13.5	Fas	0.466577976407566	11.5137267538942	0.9552485955943
HALLMARK_INTERFERON_GAMMA_RESPONSE	E13.5	Fcgr1	0.112913166055702	32.5557211726558	0.995772990246935
HALLMARK_INTERFERON_GAMMA_RESPONSE	E13.5	Fgl2	0.477673712707208	14.6543907502265	0.94037807112774
HALLMARK_INTERFERON_GAMMA_RESPONSE	E13.5	Gbp3	0.542656126332282	9.72259135761098	0.93362701277979
HALLMARK_INTERFERON_GAMMA_RESPONSE	E13.5	Gbp4	1.39549472852817	12.6133812602609	0.243551344781535
HALLMARK_INTERFERON_GAMMA_RESPONSE	E13.5	Gbp8	-0.636696318713799	2.9776227162819	
HALLMARK_INTERFERON_GAMMA_RESPONSE	E13.5	Gbp9	0.317471195397044	140.518793661946	0.681566795555284
HALLMARK_INTERFERON_GAMMA_RESPONSE	E13.5	Gch1	1.54132266738254	74.927170920129	
HALLMARK_INTERFERON_GAMMA_RESPONSE	E13.5	H2-Aa	1.88213402450678	43.3658891044297	6.13796849066988e-06
HALLMARK_INTERFERON_GAMMA_RESPONSE	E13.5	H2-D1	1.35166526254738	605.28438164144	6.86221789426238e-15
HALLMARK_INTERFERON_GAMMA_RESPONSE	E13.5	H2-DMa	0.299688998227651	113.070688087832	0.638599186912
HALLMARK_INTERFERON_GAMMA_RESPONSE	E13.5	H2-Eb1	-1.78266595942735	36.0571041252665	0.000134293025244382
HALLMARK_INTERFERON_GAMMA_RESPONSE	E13.5	H2-M3	-0.0851597705160524	17.0419579504608	0.995772990246935
HALLMARK_INTERFERON_GAMMA_RESPONSE	E13.5	H2-Q10	-1.77005785490601	2.38919416093062	
HALLMARK_INTERFERON_GAMMA_RESPONSE	E13.5	H2-Q7	-1.37213393806425	68.4551091952595	5.84224942721583e-05
HALLMARK_INTERFERON_GAMMA_RESPONSE	E13.5	Helz2	-0.122792272488562	361.080895921408	0.912342710520716
HALLMARK_INTERFERON_GAMMA_RESPONSE	E13.5	Herc6	-0.0822372789142939	117.062911354981	0.989799953422304
HALLMARK_INTERFERON_GAMMA_RESPONSE	E13.5	Hif1a	0.0891052625329243	4684.59030274849	0.75570935953552
HALLMARK_INTERFERON_GAMMA_RESPONSE	E13.5	Icam1	0.217722180300692	192.51535925436	0.888189544356286
HALLMARK_INTERFERON_GAMMA_RESPONSE	E13.5	Ifi27	0.275017835977522	146.835134643875	0.796332050091031
HALLMARK_INTERFERON_GAMMA_RESPONSE	E13.5	Ifi30	-0.0244933425458275	697.447502550962	0.995772990246935
HALLMARK_INTERFERON_GAMMA_RESPONSE	E13.5	Ifi35	0.216634212733074	55.2987174021207	0.945139431257564
HALLMARK_INTERFERON_GAMMA_RESPONSE	E13.5	Ifi44	-0.862423003625956	4.56984408127839	0.914157016312976
HALLMARK_INTERFERON_GAMMA_RESPONSE	E13.5	Ifih1	-1.03514800889162	74.3104579153897	0.002492322436064
HALLMARK_INTERFERON_GAMMA_RESPONSE	E13.5	Ifit2	0.0414713179923458	286.638160464643	0.993436835229234
HALLMARK_INTERFERON_GAMMA_RESPONSE	E13.5	Ifit3	0.341450976307769	5.59347921943036	0.989799953422304
HALLMARK_INTERFERON_GAMMA_RESPONSE	E13.5	Ifitm2	0.00888807108579672	987.744072996334	0.995772990246935
HALLMARK_INTERFERON_GAMMA_RESPONSE	E13.5	Ifitm3	-0.215231611509532	317.896180385634	0.81203935998986
HALLMARK_INTERFERON_GAMMA_RESPONSE	E13.5	Ifnar2	0.0310929802708442	343.561419971684	0.995772990246935
HALLMARK_INTERFERON_GAMMA_RESPONSE	E13.5	Il10ra	0.0804573632300401	27.9776077530982	0.995772990246935
HALLMARK_INTERFERON_GAMMA_RESPONSE	E13.5	Il15	0.0725653506252552	26.8488672242127	0.995772990246935
HALLMARK_INTERFERON_GAMMA_RESPONSE	E13.5	Il15ra	-0.584292645761836	12.9381224525563	0.895131523669182
HALLMARK_INTERFERON_GAMMA_RESPONSE	E13.5	Il18bp	-0.28234914056254	194.149049405831	0.568055292619982
HALLMARK_INTERFERON_GAMMA_RESPONSE	E13.5	Il2rb	0.332041584056996	6.70713098394879	0.989066070870869
HALLMARK_INTERFERON_GAMMA_RESPONSE	E13.5	Il4ra	-0.0594689052079279	381.132033547314	0.990851717555432
HALLMARK_INTERFERON_GAMMA_RESPONSE	E13.5	Il7	-1.78033756081929	3.02143584667669	
HALLMARK_INTERFERON_GAMMA_RESPONSE	E13.5	Irf1	0.0563738851622353	262.668266382927	0.989799953422304
HALLMARK_INTERFERON_GAMMA_RESPONSE	E13.5	Irf2	-0.169620138246351	327.662571045241	0.830081710523196
HALLMARK_INTERFERON_GAMMA_RESPONSE	E13.5	Irf4	0.684170727768542	14.1715330368769	0.836858349781819
HALLMARK_INTERFERON_GAMMA_RESPONSE	E13.5	Irf5	-0.0225596517896522	119.28747691787	0.995772990246935
HALLMARK_INTERFERON_GAMMA_RESPONSE	E13.5	Irf7	-0.394396183389502	11.6194612573146	0.962421708312366
HALLMARK_INTERFERON_GAMMA_RESPONSE	E13.5	Irf8	-0.051948742351329	102.9233396486	0.995772990246935
HALLMARK_INTERFERON_GAMMA_RESPONSE	E13.5	Irf9	-0.104649539104723	502.058597644628	0.901335562177846
HALLMARK_INTERFERON_GAMMA_RESPONSE	E13.5	Isg15	-0.93687200547953	5.27350297554629	0.852645157833408
HALLMARK_INTERFERON_GAMMA_RESPONSE	E13.5	Isg20	-0.126647465102209	13.6762269038817	0.995772990246935
HALLMARK_INTERFERON_GAMMA_RESPONSE	E13.5	Isoc1	-0.0666366310913649	3621.87219339801	0.885586811965624
HALLMARK_INTERFERON_GAMMA_RESPONSE	E13.5	Itgb7	-0.319922290229732	17.2381893050432	0.96369679596945
HALLMARK_INTERFERON_GAMMA_RESPONSE	E13.5	Jak2	0.0759247791418347	1253.51283854788	0.925793639178255
HALLMARK_INTERFERON_GAMMA_RESPONSE	E13.5	Lap3	0.0204505631273473	2242.65290146917	0.995772990246935
HALLMARK_INTERFERON_GAMMA_RESPONSE	E13.5	Lats2	-0.0484658611623926	656.682123397562	0.990865104351757
HALLMARK_INTERFERON_GAMMA_RESPONSE	E13.5	Lcp2	-0.105023996890879	47.3052741046161	0.995772990246935
HALLMARK_INTERFERON_GAMMA_RESPONSE	E13.5	Lgals3bp	-0.341693773576192	158.964499893129	0.570855517270124
HALLMARK_INTERFERON_GAMMA_RESPONSE	E13.5	Ly6e	-0.202265067829695	1079.84703528907	0.48415238347238
HALLMARK_INTERFERON_GAMMA_RESPONSE	E13.5	Lysmd2	0.439551207245133	377.121988125052	0.0201429006288062
HALLMARK_INTERFERON_GAMMA_RESPONSE	E13.5	Marchf1	0.419288884410784	7.39151635243849	0.972974331980672
HALLMARK_INTERFERON_GAMMA_RESPONSE	E13.5	Mt2	0.0151964007011932	91.2894353050723	0.997774882566712
HALLMARK_INTERFERON_GAMMA_RESPONSE	E13.5	Mthfd2	-0.162646365210852	1303.65619410939	0.515778801331111
HALLMARK_INTERFERON_GAMMA_RESPONSE	E13.5	Mvp	0.0969864956590018	246.062197500392	0.969242616302818
HALLMARK_INTERFERON_GAMMA_RESPONSE	E13.5	Mx2	0.881833873610121	9.9792493709959	0.749653106362284
HALLMARK_INTERFERON_GAMMA_RESPONSE	E13.5	Myd88	-0.1652640290738	234.114556516594	0.918570302746695
HALLMARK_INTERFERON_GAMMA_RESPONSE	E13.5	Nampt	0.102963370854317	1505.28684942878	0.828364392692776
HALLMARK_INTERFERON_GAMMA_RESPONSE	E13.5	Ncoa3	-0.0701207983721474	2445.06996613213	0.949751913605469
HALLMARK_INTERFERON_GAMMA_RESPONSE	E13.5	Nfkb1	-0.0556389222316667	1638.63294831268	0.960550772267807
HALLMARK_INTERFERON_GAMMA_RESPONSE	E13.5	Nfkbia	0.0643744394579336	519.187118680108	0.98376515239843
HALLMARK_INTERFERON_GAMMA_RESPONSE	E13.5	Nlrc5	0.760396048175724	2.26090904865286	
HALLMARK_INTERFERON_GAMMA_RESPONSE	E13.5	Nmi	0.02980065204741	61.8487223910403	0.995772990246935
HALLMARK_INTERFERON_GAMMA_RESPONSE	E13.5	Nod1	0.29097644938647	110.788574055532	0.807245346828631
HALLMARK_INTERFERON_GAMMA_RESPONSE	E13.5	Nup93	-0.0356341156865452	2778.43280945344	0.989799953422304
HALLMARK_INTERFERON_GAMMA_RESPONSE	E13.5	Oas2	-0.715629982387093	8.32235526430202	0.909507485570641
HALLMARK_INTERFERON_GAMMA_RESPONSE	E13.5	Oas3	-0.332989178512525	3.24793917332674	0.994827624660542
HALLMARK_INTERFERON_GAMMA_RESPONSE	E13.5	Oasl1	-0.412679934362729	13.9921572727822	0.946240113058598
HALLMARK_INTERFERON_GAMMA_RESPONSE	E13.5	Ogfr	0.0795329590935584	3304.85896970601	0.925971576272643
HALLMARK_INTERFERON_GAMMA_RESPONSE	E13.5	Parp12	-0.400804495189154	136.413305339437	0.405952767192432
HALLMARK_INTERFERON_GAMMA_RESPONSE	E13.5	Parp14	0.29971570134691	52.2901151518935	0.914554232510177
HALLMARK_INTERFERON_GAMMA_RESPONSE	E13.5	Pde4b	0.485008862545131	208.116361311791	0.42892535240379
HALLMARK_INTERFERON_GAMMA_RESPONSE	E13.5	Peli1	0.00989986731655846	1969.85909944852	0.995772990246935
HALLMARK_INTERFERON_GAMMA_RESPONSE	E13.5	Pfkp	0.445618340857985	388.303153629142	0.366585336528672
HALLMARK_INTERFERON_GAMMA_RESPONSE	E13.5	Pim1	0.118905661076134	820.421067792375	0.862676417428105
HALLMARK_INTERFERON_GAMMA_RESPONSE	E13.5	Pla2g4a	-0.111718144448547	713.708314483341	0.846604284555207
HALLMARK_INTERFERON_GAMMA_RESPONSE	E13.5	Plscr1	-0.285463116259317	852.228868793064	0.0437934280799169
HALLMARK_INTERFERON_GAMMA_RESPONSE	E13.5	Pml	-0.360930921771964	1620.08800497366	0.00241110981277297
HALLMARK_INTERFERON_GAMMA_RESPONSE	E13.5	Pnp2	-3.4467568008664	5.95578599872871	0.0343441396385931
HALLMARK_INTERFERON_GAMMA_RESPONSE	E13.5	Pnpt1	-0.0997880823428999	1537.01348472497	0.797379491830919
HALLMARK_INTERFERON_GAMMA_RESPONSE	E13.5	Psma2	0.11714170978613	3221.80132909355	0.864269725137439
HALLMARK_INTERFERON_GAMMA_RESPONSE	E13.5	Psma3	0.0498613243816517	4454.77497984452	0.977545384830027
HALLMARK_INTERFERON_GAMMA_RESPONSE	E13.5	Psmb10	-0.0814664183896163	221.176254883758	0.979866874822048
HALLMARK_INTERFERON_GAMMA_RESPONSE	E13.5	Psmb2	0.0355911352746201	2391.98687921478	0.981328503827553
HALLMARK_INTERFERON_GAMMA_RESPONSE	E13.5	Psmb8	0.647037997614403	13.6638137629069	0.842865820307913
HALLMARK_INTERFERON_GAMMA_RESPONSE	E13.5	Psmb9	-0.00712409575344516	7.86896443083206	0.999824640158592
HALLMARK_INTERFERON_GAMMA_RESPONSE	E13.5	Psme1	0.0651717668413213	1387.99734655586	0.960550772267807
HALLMARK_INTERFERON_GAMMA_RESPONSE	E13.5	Psme2	0.396444755317746	1455.67401170433	0.00481138066519689
HALLMARK_INTERFERON_GAMMA_RESPONSE	E13.5	Ptgs2	-0.312909927934778	12.9562635078006	0.98376515239843
HALLMARK_INTERFERON_GAMMA_RESPONSE	E13.5	Ptpn1	-0.0333644093064272	2177.85967860961	0.987256679991384
HALLMARK_INTERFERON_GAMMA_RESPONSE	E13.5	Ptpn2	0.069219212896231	1309.95766837502	0.945139431257564
HALLMARK_INTERFERON_GAMMA_RESPONSE	E13.5	Ptpn6	-0.0746021443397345	181.676606925206	0.983707505702363
HALLMARK_INTERFERON_GAMMA_RESPONSE	E13.5	Rapgef6	0.0182801826391319	1373.5335756402	0.995772990246935
HALLMARK_INTERFERON_GAMMA_RESPONSE	E13.5	Rbck1	0.0173350673214579	2841.69584331992	0.995772990246935
HALLMARK_INTERFERON_GAMMA_RESPONSE	E13.5	Rigi	-0.0223732745904447	287.615610290833	0.995772990246935
HALLMARK_INTERFERON_GAMMA_RESPONSE	E13.5	Ripk1	0.0269406318204938	719.043572114441	0.995391322559747
HALLMARK_INTERFERON_GAMMA_RESPONSE	E13.5	Ripk2	0.0827121083653988	273.762698810049	0.968251882671091
HALLMARK_INTERFERON_GAMMA_RESPONSE	E13.5	Rnf213	-0.116109946335957	975.704108808104	0.850698994347049
HALLMARK_INTERFERON_GAMMA_RESPONSE	E13.5	Rnf31	-0.0363721449239785	858.656048292535	0.992524418576566
HALLMARK_INTERFERON_GAMMA_RESPONSE	E13.5	Rsad2	-0.382449066668675	265.46161192733	0.163100590720505
HALLMARK_INTERFERON_GAMMA_RESPONSE	E13.5	Rtp4	0.120912907394908	20.6665755900974	0.995772990246935
HALLMARK_INTERFERON_GAMMA_RESPONSE	E13.5	Samd9l	-0.0955826835785602	115.56928835838	0.99022063243087
HALLMARK_INTERFERON_GAMMA_RESPONSE	E13.5	Samhd1	-0.0687807335194328	2031.16699233787	0.903658598222979
HALLMARK_INTERFERON_GAMMA_RESPONSE	E13.5	Sectm1a	3.92511563195653	2.87790926832082	
HALLMARK_INTERFERON_GAMMA_RESPONSE	E13.5	Serping1	0.148605853573461	958.019318723694	0.885312696895797
HALLMARK_INTERFERON_GAMMA_RESPONSE	E13.5	Slc25a28	0.0666268519462189	947.301005034065	0.950020306842671
HALLMARK_INTERFERON_GAMMA_RESPONSE	E13.5	Socs1	0.165946075132535	149.250639826743	0.923387326411851
HALLMARK_INTERFERON_GAMMA_RESPONSE	E13.5	Socs3	0.0109159486032445	356.093601229029	0.996974533977968
HALLMARK_INTERFERON_GAMMA_RESPONSE	E13.5	Sp110	-0.160837181840692	17.6148396101925	0.993574710929508
HALLMARK_INTERFERON_GAMMA_RESPONSE	E13.5	Sppl2a	0.16374811850447	1432.16729234932	0.384163487562321
HALLMARK_INTERFERON_GAMMA_RESPONSE	E13.5	Sri	-0.0301723266832028	1778.0411580315	0.990851717555432
HALLMARK_INTERFERON_GAMMA_RESPONSE	E13.5	Sspn	-1.01395391965548	338.550911346267	8.47233444985518e-12
HALLMARK_INTERFERON_GAMMA_RESPONSE	E13.5	St3gal5	-0.0422810036059131	799.305126325868	0.98841563192356
HALLMARK_INTERFERON_GAMMA_RESPONSE	E13.5	St8sia4	0.0102333174793551	238.37039885089	0.997611336383542
HALLMARK_INTERFERON_GAMMA_RESPONSE	E13.5	Stat1	0.213388244636191	134.024322449037	0.857959089475418
HALLMARK_INTERFERON_GAMMA_RESPONSE	E13.5	Stat2	0.0450852947652474	610.984278264155	0.986933034090192
HALLMARK_INTERFERON_GAMMA_RESPONSE	E13.5	Stat3	0.00391976530661382	1000.65782909955	0.999824640158592
HALLMARK_INTERFERON_GAMMA_RESPONSE	E13.5	Stat4	0.442112544849172	10.9464382510052	0.949365369241586
HALLMARK_INTERFERON_GAMMA_RESPONSE	E13.5	Tap1	0.0153420280693733	56.369481288771	0.998893321674104
HALLMARK_INTERFERON_GAMMA_RESPONSE	E13.5	Tapbp	0.278569859833754	502.920894132033	0.363854220874398
HALLMARK_INTERFERON_GAMMA_RESPONSE	E13.5	Tdrd7	-0.101415878778259	405.89504595163	0.932292801755926
HALLMARK_INTERFERON_GAMMA_RESPONSE	E13.5	Tnfaip2	-0.086296988504803	350.16265414747	0.974020814060339
HALLMARK_INTERFERON_GAMMA_RESPONSE	E13.5	Tnfaip3	0.298499705341012	120.32144631086	0.687120597253773
HALLMARK_INTERFERON_GAMMA_RESPONSE	E13.5	Tnfaip6	-0.491364451459866	86.8455679331649	0.296828666822898
HALLMARK_INTERFERON_GAMMA_RESPONSE	E13.5	Tnfsf10	0.190851706571134	4.94817492123035	0.995772990246935
HALLMARK_INTERFERON_GAMMA_RESPONSE	E13.5	Tor1b	-0.0105550580856323	1525.24499000529	0.995772990246935
HALLMARK_INTERFERON_GAMMA_RESPONSE	E13.5	Trafd1	-0.083187835480529	1119.42802614229	0.914678818216167
HALLMARK_INTERFERON_GAMMA_RESPONSE	E13.5	Trim14	0.339498122871111	24.5556670325745	0.954179065100369
HALLMARK_INTERFERON_GAMMA_RESPONSE	E13.5	Trim21	0.381419174373089	171.518777659018	0.289683318979502
HALLMARK_INTERFERON_GAMMA_RESPONSE	E13.5	Trim25	0.962955572336604	806.632619712782	4.0316149245934e-14
HALLMARK_INTERFERON_GAMMA_RESPONSE	E13.5	Trim26	-0.00720547519113108	1624.10989935333	0.995772990246935
HALLMARK_INTERFERON_GAMMA_RESPONSE	E13.5	Txnip	0.1866650396158	2451.47482016107	0.627852282049057
HALLMARK_INTERFERON_GAMMA_RESPONSE	E13.5	Ube2l6	0.680996842973351	336.836719602211	0.000690091749716888
HALLMARK_INTERFERON_GAMMA_RESPONSE	E13.5	Upp1	0.292676018689597	65.66866583648	0.817533921598353
HALLMARK_INTERFERON_GAMMA_RESPONSE	E13.5	Usp18	-0.168908276670323	5.66264592300391	0.995772990246935
HALLMARK_INTERFERON_GAMMA_RESPONSE	E13.5	Vamp5	-0.196792008881732	155.441576051866	0.910252273749033
HALLMARK_INTERFERON_GAMMA_RESPONSE	E13.5	Vamp8	0.0285815435367526	598.891328956064	0.995772990246935
HALLMARK_INTERFERON_GAMMA_RESPONSE	E13.5	Vcam1	0.471107383581099	828.953399144634	0.00576368104050256
HALLMARK_INTERFERON_GAMMA_RESPONSE	E13.5	Wars1	-0.059505114996837	3086.12935877687	0.945139431257564
HALLMARK_INTERFERON_GAMMA_RESPONSE	E13.5	Xaf1	0.706722643442694	13.0502661386174	0.801043756694115
HALLMARK_INTERFERON_GAMMA_RESPONSE	E13.5	Znfx1	0.0051745719798524	745.96602794869	0.999121515464581
HALLMARK_INTERFERON_ALPHA_RESPONSE	E13.5	Adar	-0.0826868427466695	1739.1496232319	0.891136084353952
HALLMARK_INTERFERON_ALPHA_RESPONSE	E13.5	B2m	0.171489289735643	877.399189071436	0.748774870043874
HALLMARK_INTERFERON_ALPHA_RESPONSE	E13.5	Batf2	0.188715968514167	3.85750639695644	0.995772990246935
HALLMARK_INTERFERON_ALPHA_RESPONSE	E13.5	Bst2	-0.364208392471214	123.592947505311	0.651043053110555
HALLMARK_INTERFERON_ALPHA_RESPONSE	E13.5	C1s1	0.294181196382499	316.617781580907	0.949310845431532
HALLMARK_INTERFERON_ALPHA_RESPONSE	E13.5	Casp1	-0.0914339731551856	19.9227439693245	0.995772990246935
HALLMARK_INTERFERON_ALPHA_RESPONSE	E13.5	Casp8	-0.102353377968591	600.631867168913	0.885312696895797
HALLMARK_INTERFERON_ALPHA_RESPONSE	E13.5	Ccrl2	-0.615268952632603	6.56229491236302	0.945139431257564
HALLMARK_INTERFERON_ALPHA_RESPONSE	E13.5	Cd47	0.236736576311822	1161.84088268499	0.325914653414262
HALLMARK_INTERFERON_ALPHA_RESPONSE	E13.5	Cd74	0.557178445175511	37.6721930009393	0.59575088242479
HALLMARK_INTERFERON_ALPHA_RESPONSE	E13.5	Cmpk2	-0.383006615053111	211.973628578368	0.182952786688565
HALLMARK_INTERFERON_ALPHA_RESPONSE	E13.5	Cmtr1	0.0217161350967696	333.108029749433	0.995772990246935
HALLMARK_INTERFERON_ALPHA_RESPONSE	E13.5	Cnp	-0.0827656772392195	449.498292211177	0.955674020791105
HALLMARK_INTERFERON_ALPHA_RESPONSE	E13.5	Csf1	-0.175816313156308	343.350184760426	0.916764345642329
HALLMARK_INTERFERON_ALPHA_RESPONSE	E13.5	Cxcl10	-1.1605839931547	2.15892774454889	
HALLMARK_INTERFERON_ALPHA_RESPONSE	E13.5	Ddx60	0.164732353146941	17.5979733645876	0.993163767973002
HALLMARK_INTERFERON_ALPHA_RESPONSE	E13.5	Dhx58	-0.0404900891829874	73.1028913136044	0.995772990246935
HALLMARK_INTERFERON_ALPHA_RESPONSE	E13.5	Eif2ak2	0.0972860011513576	681.848101361326	0.932405914324138
HALLMARK_INTERFERON_ALPHA_RESPONSE	E13.5	Elf1	0.09850000662989	709.519095174697	0.919762950204233
HALLMARK_INTERFERON_ALPHA_RESPONSE	E13.5	Epsti1	0.340315664343403	4.51522903413488	0.990851717555432
HALLMARK_INTERFERON_ALPHA_RESPONSE	E13.5	Gbp2	0.623547937815171	18.1084502256844	0.887175082818379
HALLMARK_INTERFERON_ALPHA_RESPONSE	E13.5	Gbp3	0.542656126332282	9.72259135761098	0.93362701277979
HALLMARK_INTERFERON_ALPHA_RESPONSE	E13.5	Gmpr	-0.45737295932908	309.837206139929	0.0547306567417118
HALLMARK_INTERFERON_ALPHA_RESPONSE	E13.5	H2-Q10	-1.77005785490601	2.38919416093062	
HALLMARK_INTERFERON_ALPHA_RESPONSE	E13.5	H2-Q7	-1.37213393806425	68.4551091952595	5.84224942721583e-05
HALLMARK_INTERFERON_ALPHA_RESPONSE	E13.5	Helz2	-0.122792272488562	361.080895921408	0.912342710520716
HALLMARK_INTERFERON_ALPHA_RESPONSE	E13.5	Herc6	-0.0822372789142939	117.062911354981	0.989799953422304
HALLMARK_INTERFERON_ALPHA_RESPONSE	E13.5	Ifi27	0.275017835977522	146.835134643875	0.796332050091031
HALLMARK_INTERFERON_ALPHA_RESPONSE	E13.5	Ifi30	-0.0244933425458275	697.447502550962	0.995772990246935
HALLMARK_INTERFERON_ALPHA_RESPONSE	E13.5	Ifi35	0.216634212733074	55.2987174021207	0.945139431257564
HALLMARK_INTERFERON_ALPHA_RESPONSE	E13.5	Ifi44	-0.862423003625956	4.56984408127839	0.914157016312976
HALLMARK_INTERFERON_ALPHA_RESPONSE	E13.5	Ifih1	-1.03514800889162	74.3104579153897	0.002492322436064
HALLMARK_INTERFERON_ALPHA_RESPONSE	E13.5	Ifit2	0.0414713179923458	286.638160464643	0.993436835229234
HALLMARK_INTERFERON_ALPHA_RESPONSE	E13.5	Ifit3	0.341450976307769	5.59347921943036	0.989799953422304
HALLMARK_INTERFERON_ALPHA_RESPONSE	E13.5	Ifitm1	-0.391381305403136	123.767599693166	0.47186766723399
HALLMARK_INTERFERON_ALPHA_RESPONSE	E13.5	Ifitm2	0.00888807108579672	987.744072996334	0.995772990246935
HALLMARK_INTERFERON_ALPHA_RESPONSE	E13.5	Ifitm3	-0.215231611509532	317.896180385634	0.81203935998986
HALLMARK_INTERFERON_ALPHA_RESPONSE	E13.5	Il15	0.0725653506252552	26.8488672242127	0.995772990246935
HALLMARK_INTERFERON_ALPHA_RESPONSE	E13.5	Il4ra	-0.0594689052079279	381.132033547314	0.990851717555432
HALLMARK_INTERFERON_ALPHA_RESPONSE	E13.5	Il7	-1.78033756081929	3.02143584667669	
HALLMARK_INTERFERON_ALPHA_RESPONSE	E13.5	Irf1	0.0563738851622353	262.668266382927	0.989799953422304
HALLMARK_INTERFERON_ALPHA_RESPONSE	E13.5	Irf2	-0.169620138246351	327.662571045241	0.830081710523196
HALLMARK_INTERFERON_ALPHA_RESPONSE	E13.5	Irf7	-0.394396183389502	11.6194612573146	0.962421708312366
HALLMARK_INTERFERON_ALPHA_RESPONSE	E13.5	Irf9	-0.104649539104723	502.058597644628	0.901335562177846
HALLMARK_INTERFERON_ALPHA_RESPONSE	E13.5	Isg15	-0.93687200547953	5.27350297554629	0.852645157833408
HALLMARK_INTERFERON_ALPHA_RESPONSE	E13.5	Isg20	-0.126647465102209	13.6762269038817	0.995772990246935
HALLMARK_INTERFERON_ALPHA_RESPONSE	E13.5	Lap3	0.0204505631273473	2242.65290146917	0.995772990246935
HALLMARK_INTERFERON_ALPHA_RESPONSE	E13.5	Lgals3bp	-0.341693773576192	158.964499893129	0.570855517270124
HALLMARK_INTERFERON_ALPHA_RESPONSE	E13.5	Lpar6	0.0970688023863857	704.699699317725	0.901335562177846
HALLMARK_INTERFERON_ALPHA_RESPONSE	E13.5	Ly6e	-0.202265067829695	1079.84703528907	0.48415238347238
HALLMARK_INTERFERON_ALPHA_RESPONSE	E13.5	Mov10	-0.198907712705269	2490.14625841378	0.257969825511229
HALLMARK_INTERFERON_ALPHA_RESPONSE	E13.5	Mvb12a	-0.148633931444225	796.675682203423	0.628952897239042
HALLMARK_INTERFERON_ALPHA_RESPONSE	E13.5	Mx2	0.881833873610121	9.9792493709959	0.749653106362284
HALLMARK_INTERFERON_ALPHA_RESPONSE	E13.5	Ncoa7	-0.372669015635381	557.45120240653	0.0145355470684552
HALLMARK_INTERFERON_ALPHA_RESPONSE	E13.5	Nmi	0.02980065204741	61.8487223910403	0.995772990246935
HALLMARK_INTERFERON_ALPHA_RESPONSE	E13.5	Nub1	-0.0158253828486136	1822.74869712449	0.995772990246935
HALLMARK_INTERFERON_ALPHA_RESPONSE	E13.5	Oas1a	0.183543838495512	16.6167058030179	0.990851717555432
HALLMARK_INTERFERON_ALPHA_RESPONSE	E13.5	Oas1g	-0.58572113678634	1.64071169564233	
HALLMARK_INTERFERON_ALPHA_RESPONSE	E13.5	Oasl1	-0.412679934362729	13.9921572727822	0.946240113058598
HALLMARK_INTERFERON_ALPHA_RESPONSE	E13.5	Ogfr	0.0795329590935584	3304.85896970601	0.925971576272643
HALLMARK_INTERFERON_ALPHA_RESPONSE	E13.5	Parp12	-0.400804495189154	136.413305339437	0.405952767192432
HALLMARK_INTERFERON_ALPHA_RESPONSE	E13.5	Parp14	0.29971570134691	52.2901151518935	0.914554232510177
HALLMARK_INTERFERON_ALPHA_RESPONSE	E13.5	Parp9	0.0619326175760128	76.0439443264899	0.995772990246935
HALLMARK_INTERFERON_ALPHA_RESPONSE	E13.5	Plscr1	-0.285463116259317	852.228868793064	0.0437934280799169
HALLMARK_INTERFERON_ALPHA_RESPONSE	E13.5	Pnpt1	-0.0997880823428999	1537.01348472497	0.797379491830919
HALLMARK_INTERFERON_ALPHA_RESPONSE	E13.5	Procr	0.619719761787786	142.496696572967	0.260627746923496
HALLMARK_INTERFERON_ALPHA_RESPONSE	E13.5	Psma3	0.0498613243816517	4454.77497984452	0.977545384830027
HALLMARK_INTERFERON_ALPHA_RESPONSE	E13.5	Psmb8	0.647037997614403	13.6638137629069	0.842865820307913
HALLMARK_INTERFERON_ALPHA_RESPONSE	E13.5	Psmb9	-0.00712409575344516	7.86896443083206	0.999824640158592
HALLMARK_INTERFERON_ALPHA_RESPONSE	E13.5	Psme1	0.0651717668413213	1387.99734655586	0.960550772267807
HALLMARK_INTERFERON_ALPHA_RESPONSE	E13.5	Psme2	0.396444755317746	1455.67401170433	0.00481138066519689
HALLMARK_INTERFERON_ALPHA_RESPONSE	E13.5	Ripk2	0.0827121083653988	273.762698810049	0.968251882671091
HALLMARK_INTERFERON_ALPHA_RESPONSE	E13.5	Rnf31	-0.0363721449239785	858.656048292535	0.992524418576566
HALLMARK_INTERFERON_ALPHA_RESPONSE	E13.5	Rsad2	-0.382449066668675	265.46161192733	0.163100590720505
HALLMARK_INTERFERON_ALPHA_RESPONSE	E13.5	Rtp4	0.120912907394908	20.6665755900974	0.995772990246935
HALLMARK_INTERFERON_ALPHA_RESPONSE	E13.5	Samd9l	-0.0955826835785602	115.56928835838	0.99022063243087
HALLMARK_INTERFERON_ALPHA_RESPONSE	E13.5	Slc25a28	0.0666268519462189	947.301005034065	0.950020306842671
HALLMARK_INTERFERON_ALPHA_RESPONSE	E13.5	Sp110	-0.160837181840692	17.6148396101925	0.993574710929508
HALLMARK_INTERFERON_ALPHA_RESPONSE	E13.5	Stat2	0.0450852947652474	610.984278264155	0.986933034090192
HALLMARK_INTERFERON_ALPHA_RESPONSE	E13.5	Tap1	0.0153420280693733	56.369481288771	0.998893321674104
HALLMARK_INTERFERON_ALPHA_RESPONSE	E13.5	Tdrd7	-0.101415878778259	405.89504595163	0.932292801755926
HALLMARK_INTERFERON_ALPHA_RESPONSE	E13.5	Tent5a	0.963550703034471	319.730163226974	7.20490856516507e-05
HALLMARK_INTERFERON_ALPHA_RESPONSE	E13.5	Tmem140	-0.363986579113896	10.2606418090119	0.975404855327315
HALLMARK_INTERFERON_ALPHA_RESPONSE	E13.5	Trafd1	-0.083187835480529	1119.42802614229	0.914678818216167
HALLMARK_INTERFERON_ALPHA_RESPONSE	E13.5	Trim12c	0.934437194983231	333.693136556532	3.4129503460575e-09
HALLMARK_INTERFERON_ALPHA_RESPONSE	E13.5	Trim14	0.339498122871111	24.5556670325745	0.954179065100369
HALLMARK_INTERFERON_ALPHA_RESPONSE	E13.5	Trim21	0.381419174373089	171.518777659018	0.289683318979502
HALLMARK_INTERFERON_ALPHA_RESPONSE	E13.5	Trim25	0.962955572336604	806.632619712782	4.0316149245934e-14
HALLMARK_INTERFERON_ALPHA_RESPONSE	E13.5	Trim26	-0.00720547519113108	1624.10989935333	0.995772990246935
HALLMARK_INTERFERON_ALPHA_RESPONSE	E13.5	Trim5	-4.68849485467445	4.81714017333582	0.0242746140835143
HALLMARK_INTERFERON_ALPHA_RESPONSE	E13.5	Txnip	0.1866650396158	2451.47482016107	0.627852282049057
HALLMARK_INTERFERON_ALPHA_RESPONSE	E13.5	Uba7	-0.00489079377661315	74.9970572952966	0.999824640158592
HALLMARK_INTERFERON_ALPHA_RESPONSE	E13.5	Ube2l6	0.680996842973351	336.836719602211	0.000690091749716888
HALLMARK_INTERFERON_ALPHA_RESPONSE	E13.5	Usp18	-0.168908276670323	5.66264592300391	0.995772990246935
HALLMARK_INTERFERON_ALPHA_RESPONSE	E13.5	Wars1	-0.059505114996837	3086.12935877687	0.945139431257564
HALLMARK_INTERFERON_GAMMA_RESPONSE	P1	Adar	-0.471679298158785	1565.67070634933	0.0357271840391301
HALLMARK_INTERFERON_GAMMA_RESPONSE	P1	Apol6	0.610919153508708	3.26454155323907	0.940904418148563
HALLMARK_INTERFERON_GAMMA_RESPONSE	P1	Arid5b	0.0765148970952307	1951.33318884082	0.936229357945743
HALLMARK_INTERFERON_GAMMA_RESPONSE	P1	Arl4a	-0.268978867151228	899.317378319842	0.463421787077883
HALLMARK_INTERFERON_GAMMA_RESPONSE	P1	Auts2	-0.146325206080314	1519.10334930061	0.84316553920433
HALLMARK_INTERFERON_GAMMA_RESPONSE	P1	B2m	-0.509149320854913	2255.59797733052	0.037421039336725
HALLMARK_INTERFERON_GAMMA_RESPONSE	P1	Bank1	-0.106418830593771	9.50056837511313	0.988019717736383
HALLMARK_INTERFERON_GAMMA_RESPONSE	P1	Batf2	0.0497960429960936	20.3483853405386	0.991698795905343
HALLMARK_INTERFERON_GAMMA_RESPONSE	P1	Bpgm	0.287921102819357	1009.98668949971	0.248635168751646
HALLMARK_INTERFERON_GAMMA_RESPONSE	P1	Bst2	-1.39932972258874	1102.5631474999	2.76418308942852e-08
HALLMARK_INTERFERON_GAMMA_RESPONSE	P1	Btg1	-0.273366686554961	3369.66523282457	0.474506987173772
HALLMARK_INTERFERON_GAMMA_RESPONSE	P1	C1s1	0.0688329502897627	1742.16763815253	0.938529976488129
HALLMARK_INTERFERON_GAMMA_RESPONSE	P1	Casp1	-0.216595947852597	11.7704618246965	0.962933545788728
HALLMARK_INTERFERON_GAMMA_RESPONSE	P1	Casp3	-0.0648551461493648	1338.26879923324	0.949394722407205
HALLMARK_INTERFERON_GAMMA_RESPONSE	P1	Casp4	-0.543939838030421	160.582773389729	0.19061199431814
HALLMARK_INTERFERON_GAMMA_RESPONSE	P1	Casp7	0.0764756229738624	645.764160498238	0.934624671806261
HALLMARK_INTERFERON_GAMMA_RESPONSE	P1	Casp8	0.192372124566854	691.141359088943	0.686737554415119
HALLMARK_INTERFERON_GAMMA_RESPONSE	P1	Ccl2	0.165470380479635	12.6389129812956	0.97347006664564
HALLMARK_INTERFERON_GAMMA_RESPONSE	P1	Ccl5	-0.815286458744762	4.05568157807012	0.892946449751531
HALLMARK_INTERFERON_GAMMA_RESPONSE	P1	Ccl7	0.407776800671268	7.59739523722228	0.958635508148583
HALLMARK_INTERFERON_GAMMA_RESPONSE	P1	Cd274	-0.692117912785458	29.3333970899095	0.536174784211424
HALLMARK_INTERFERON_GAMMA_RESPONSE	P1	Cd38	-0.324514274713988	746.235225006074	0.223303819400291
HALLMARK_INTERFERON_GAMMA_RESPONSE	P1	Cd40	0.343646952147726	193.940095755795	0.490981907346286
HALLMARK_INTERFERON_GAMMA_RESPONSE	P1	Cd74	-0.0507308945408496	137.01157036747	0.978392774685213
HALLMARK_INTERFERON_GAMMA_RESPONSE	P1	Cd86	-0.526994599204737	34.4708714890645	0.764438586477961
HALLMARK_INTERFERON_GAMMA_RESPONSE	P1	Cdkn1a	-0.445151507690324	1619.62671429136	0.795030614224049
HALLMARK_INTERFERON_GAMMA_RESPONSE	P1	Cfb	-0.670066195252442	25.7934909286505	0.639620139097712
HALLMARK_INTERFERON_GAMMA_RESPONSE	P1	Cfh	-0.49382675931859	6679.79789161505	0.018884074930003
HALLMARK_INTERFERON_GAMMA_RESPONSE	P1	Ciita	0.0671671819753181	37.2638395938221	0.98748207223275
HALLMARK_INTERFERON_GAMMA_RESPONSE	P1	Cmklr1	-0.0357171633683796	176.028418189482	0.988019717736383
HALLMARK_INTERFERON_GAMMA_RESPONSE	P1	Cmpk2	-0.764181714176765	373.418091318874	0.0010930912051321
HALLMARK_INTERFERON_GAMMA_RESPONSE	P1	Cmtr1	0.0106573642983243	275.924081652331	0.993716485154866
HALLMARK_INTERFERON_GAMMA_RESPONSE	P1	Csf2rb2	-0.0307233638708972	35.3927043012922	0.993565779061457
HALLMARK_INTERFERON_GAMMA_RESPONSE	P1	Cxcl10	-1.59766836056652	26.2788601787389	0.0592171596570605
HALLMARK_INTERFERON_GAMMA_RESPONSE	P1	Cxcl11	-0.0642617548560488	2.86249387631605	0.99474573870138
HALLMARK_INTERFERON_GAMMA_RESPONSE	P1	Cxcl9	-0.503901081909402	1.61148520990229	
HALLMARK_INTERFERON_GAMMA_RESPONSE	P1	Ddx60	-1.44964594391263	79.5865948595368	0.000142770255294057
HALLMARK_INTERFERON_GAMMA_RESPONSE	P1	Dhx58	-1.04181527806571	122.776334770923	0.00734166690694811
HALLMARK_INTERFERON_GAMMA_RESPONSE	P1	Eif2ak2	-0.457002178519747	1147.5574802447	0.106270610665953
HALLMARK_INTERFERON_GAMMA_RESPONSE	P1	Eif4e3	0.15993580586978	553.528134409318	0.81720212010236
HALLMARK_INTERFERON_GAMMA_RESPONSE	P1	Epsti1	-1.09445100853129	49.5652222512838	0.0523877483592369
HALLMARK_INTERFERON_GAMMA_RESPONSE	P1	Fas	-0.15231416196554	112.303881185168	0.930100989815173
HALLMARK_INTERFERON_GAMMA_RESPONSE	P1	Fcgr1	-0.519403923788516	56.252985293323	0.606784400852216
HALLMARK_INTERFERON_GAMMA_RESPONSE	P1	Fgl2	-1.23728755092692	178.212586634843	6.363340005358e-07
HALLMARK_INTERFERON_GAMMA_RESPONSE	P1	Fpr1	0.508459287399248	4.08240382852732	0.95440776021932
HALLMARK_INTERFERON_GAMMA_RESPONSE	P1	Gbp10	3.10099086766305	1.65418198345574	
HALLMARK_INTERFERON_GAMMA_RESPONSE	P1	Gbp3	-2.65982035731308	295.62839761323	2.5460368698573e-27
HALLMARK_INTERFERON_GAMMA_RESPONSE	P1	Gbp4	-0.194863169732813	87.7918163478282	0.888775464397259
HALLMARK_INTERFERON_GAMMA_RESPONSE	P1	Gbp8	-1.34775448097464	12.3291285839322	0.339093936043578
HALLMARK_INTERFERON_GAMMA_RESPONSE	P1	Gbp9	0.0630846019765576	627.424739696991	0.949394722407205
HALLMARK_INTERFERON_GAMMA_RESPONSE	P1	Gch1	-0.420990034737477	51.6999419459176	0.699114216368179
HALLMARK_INTERFERON_GAMMA_RESPONSE	P1	Gzma	-1.08162964265165	3.45450991942853	0.874291023331385
HALLMARK_INTERFERON_GAMMA_RESPONSE	P1	H2-Aa	0.647033650833337	97.7154402266878	0.183215360442069
HALLMARK_INTERFERON_GAMMA_RESPONSE	P1	H2-D1	0.568023218815901	2581.81105577248	0.00322714670593697
HALLMARK_INTERFERON_GAMMA_RESPONSE	P1	H2-DMa	-0.0183316209535547	187.591714268708	0.991698795905343
HALLMARK_INTERFERON_GAMMA_RESPONSE	P1	H2-Eb1	-2.76559488416799	88.5484413468666	2.21447415106768e-17
HALLMARK_INTERFERON_GAMMA_RESPONSE	P1	H2-M3	-0.355930254099773	36.1529996329231	0.839040285675147
HALLMARK_INTERFERON_GAMMA_RESPONSE	P1	H2-Q10	-2.35718424147952	65.5963706837984	0.246756004470656
HALLMARK_INTERFERON_GAMMA_RESPONSE	P1	H2-Q7	-2.40193138465591	68.7735868989893	3.87001977053229e-11
HALLMARK_INTERFERON_GAMMA_RESPONSE	P1	Helz2	-0.247842736683464	857.477754840097	0.665810110065841
HALLMARK_INTERFERON_GAMMA_RESPONSE	P1	Herc6	-0.536715256557691	136.754096602754	0.215489611383014
HALLMARK_INTERFERON_GAMMA_RESPONSE	P1	Hif1a	-0.0248166307859454	3156.31753869212	0.984546989505426
HALLMARK_INTERFERON_GAMMA_RESPONSE	P1	Icam1	-0.164382144173511	434.167915037894	0.860216225349452
HALLMARK_INTERFERON_GAMMA_RESPONSE	P1	Ido1	-0.385422916455705	2.05695020191669	
HALLMARK_INTERFERON_GAMMA_RESPONSE	P1	Ifi27	0.0270989451004193	374.04872055457	0.988313490236094
HALLMARK_INTERFERON_GAMMA_RESPONSE	P1	Ifi30	0.146927249811012	1162.81101690203	0.87062818551145
HALLMARK_INTERFERON_GAMMA_RESPONSE	P1	Ifi35	-0.596160402299311	442.68189414705	0.0352320497275836
HALLMARK_INTERFERON_GAMMA_RESPONSE	P1	Ifi44	-1.29108555351451	490.301030877169	0.0722763546796732
HALLMARK_INTERFERON_GAMMA_RESPONSE	P1	Ifi44l	0.219150297696504	2.06700603990626	
HALLMARK_INTERFERON_GAMMA_RESPONSE	P1	Ifih1	-1.83690386394535	229.581881195489	1.06796270197365e-15
HALLMARK_INTERFERON_GAMMA_RESPONSE	P1	Ifit1bl1	-1.66457176790701	22.8705616648412	0.0850464996278007
HALLMARK_INTERFERON_GAMMA_RESPONSE	P1	Ifit2	-0.163413061226177	514.190926625649	0.828796886015048
HALLMARK_INTERFERON_GAMMA_RESPONSE	P1	Ifit3	-2.73700750053282	349.266245460293	1.04652293755698e-28
HALLMARK_INTERFERON_GAMMA_RESPONSE	P1	Ifitm2	0.155596295349494	1113.59620696091	0.79193364205604
HALLMARK_INTERFERON_GAMMA_RESPONSE	P1	Ifitm3	-1.09810805862667	2556.91359944077	1.92409870208424e-07
HALLMARK_INTERFERON_GAMMA_RESPONSE	P1	Ifnar2	0.0392430840613831	375.468227264447	0.982472309745694
HALLMARK_INTERFERON_GAMMA_RESPONSE	P1	Il10ra	-0.229330896856023	37.2643254223517	0.930281869570084
HALLMARK_INTERFERON_GAMMA_RESPONSE	P1	Il15	-0.220696295327422	103.401202753864	0.862888073804934
HALLMARK_INTERFERON_GAMMA_RESPONSE	P1	Il15ra	0.0585296696970752	83.3837721181834	0.981155429918176
HALLMARK_INTERFERON_GAMMA_RESPONSE	P1	Il18bp	-0.0430323736152431	153.188076946367	0.98277447306743
HALLMARK_INTERFERON_GAMMA_RESPONSE	P1	Il2rb	0.428933182712436	59.9492101555266	0.767959991909594
HALLMARK_INTERFERON_GAMMA_RESPONSE	P1	Il4ra	-0.0146952530823678	645.087430668	0.99203324961235
HALLMARK_INTERFERON_GAMMA_RESPONSE	P1	Il7	-1.09414467081649	8.63419612810995	0.69143805859502
HALLMARK_INTERFERON_GAMMA_RESPONSE	P1	Irf1	-0.181370827108148	390.023091664503	0.767746191872413
HALLMARK_INTERFERON_GAMMA_RESPONSE	P1	Irf2	0.148108943769004	673.827401907143	0.860280472056851
HALLMARK_INTERFERON_GAMMA_RESPONSE	P1	Irf4	-0.748871126972217	10.6559483713912	0.7939112723387
HALLMARK_INTERFERON_GAMMA_RESPONSE	P1	Irf5	-0.26740255985798	119.138366468782	0.805247636174485
HALLMARK_INTERFERON_GAMMA_RESPONSE	P1	Irf7	-2.32240849907365	386.586025048635	1.23684760769669e-18
HALLMARK_INTERFERON_GAMMA_RESPONSE	P1	Irf8	-0.132574076808376	285.508398146804	0.907147908928923
HALLMARK_INTERFERON_GAMMA_RESPONSE	P1	Irf9	-1.0333513101079	893.193677444869	2.43336926261805e-05
HALLMARK_INTERFERON_GAMMA_RESPONSE	P1	Isg15	-2.972893039779	247.827786005634	0.00178580236655821
HALLMARK_INTERFERON_GAMMA_RESPONSE	P1	Isg20	-0.573134895187824	51.7828506663815	0.556159366230924
HALLMARK_INTERFERON_GAMMA_RESPONSE	P1	Isoc1	-0.114858855161021	2816.08513834781	0.851087865625608
HALLMARK_INTERFERON_GAMMA_RESPONSE	P1	Itgb7	-0.23872054051653	22.4520310976267	0.945158997670517
HALLMARK_INTERFERON_GAMMA_RESPONSE	P1	Jak2	-0.207282085587577	1156.56780042329	0.662776708330801
HALLMARK_INTERFERON_GAMMA_RESPONSE	P1	Klrk1	-2.19388122430528	1.81707460081244	
HALLMARK_INTERFERON_GAMMA_RESPONSE	P1	Lap3	0.108913933906963	1595.91905942082	0.895462218734578
HALLMARK_INTERFERON_GAMMA_RESPONSE	P1	Lats2	-0.0414650802411066	1041.49842689094	0.970005953436682
HALLMARK_INTERFERON_GAMMA_RESPONSE	P1	Lcp2	-0.349240537406658	45.3242483060368	0.860666638698094
HALLMARK_INTERFERON_GAMMA_RESPONSE	P1	Lgals3bp	-1.20227463827622	1638.68386101679	9.49526233032231e-17
HALLMARK_INTERFERON_GAMMA_RESPONSE	P1	Ly6e	-0.281395878615464	5491.61486397635	0.471743164442569
HALLMARK_INTERFERON_GAMMA_RESPONSE	P1	Lysmd2	0.55573761053089	279.452304487261	0.0605032960001198
HALLMARK_INTERFERON_GAMMA_RESPONSE	P1	Marchf1	-0.516054796034156	18.6568042671774	0.825404459956807
HALLMARK_INTERFERON_GAMMA_RESPONSE	P1	Mt2	0.668964187447168	1127.59594656443	0.0379394742899938
HALLMARK_INTERFERON_GAMMA_RESPONSE	P1	Mthfd2	-0.0658329887161673	399.160976111927	0.962586693675508
HALLMARK_INTERFERON_GAMMA_RESPONSE	P1	Mvp	-0.0944150104939643	839.996581495497	0.906770197105037
HALLMARK_INTERFERON_GAMMA_RESPONSE	P1	Mx2	-1.59894617992006	86.0694088896841	7.94195528900001e-05
HALLMARK_INTERFERON_GAMMA_RESPONSE	P1	Myd88	0.148683549840722	465.610198595309	0.837031040985357
HALLMARK_INTERFERON_GAMMA_RESPONSE	P1	Nampt	-0.41041661462216	1170.89824660708	0.180305101902497
HALLMARK_INTERFERON_GAMMA_RESPONSE	P1	Ncoa3	0.0874460506075595	2033.22575079432	0.915456221174314
HALLMARK_INTERFERON_GAMMA_RESPONSE	P1	Nfkb1	-0.0978591009092516	1748.45929366418	0.898764676133255
HALLMARK_INTERFERON_GAMMA_RESPONSE	P1	Nfkbia	-0.268229505763816	1500.76580521132	0.902292783915654
HALLMARK_INTERFERON_GAMMA_RESPONSE	P1	Nlrc5	-1.12811166561	21.6293686866686	0.263644919456572
HALLMARK_INTERFERON_GAMMA_RESPONSE	P1	Nmi	-0.350405440370313	245.138036818256	0.462037054592323
HALLMARK_INTERFERON_GAMMA_RESPONSE	P1	Nod1	0.280159889364137	262.3691506673	0.675679100057447
HALLMARK_INTERFERON_GAMMA_RESPONSE	P1	Nup93	0.134497563766978	1152.39072366756	0.851087865625608
HALLMARK_INTERFERON_GAMMA_RESPONSE	P1	Oas2	-2.23861645656251	90.5738031838919	5.10891429631202e-10
HALLMARK_INTERFERON_GAMMA_RESPONSE	P1	Oas3	-2.99289067403936	18.3829523668404	0.000615248064392273
HALLMARK_INTERFERON_GAMMA_RESPONSE	P1	Oasl1	-2.18635316054108	100.701575769223	1.29765150433166e-11
HALLMARK_INTERFERON_GAMMA_RESPONSE	P1	Ogfr	-0.318027970833243	2443.00231321294	0.2541215732715
HALLMARK_INTERFERON_GAMMA_RESPONSE	P1	Parp12	-0.855964475464776	752.723100715788	5.56160677916652e-06
HALLMARK_INTERFERON_GAMMA_RESPONSE	P1	Parp14	-1.23880864414184	354.099301603728	7.2083297485948e-09
HALLMARK_INTERFERON_GAMMA_RESPONSE	P1	Pde4b	-0.452521196321938	417.396625042188	0.0986423695104881
HALLMARK_INTERFERON_GAMMA_RESPONSE	P1	Peli1	-0.442619889160741	1717.70261280554	0.096746812268542
HALLMARK_INTERFERON_GAMMA_RESPONSE	P1	Pfkp	0.0697729238464437	1484.27935484362	0.962586693675508
HALLMARK_INTERFERON_GAMMA_RESPONSE	P1	Pim1	-0.166066177837788	1186.62208718155	0.888991926473097
HALLMARK_INTERFERON_GAMMA_RESPONSE	P1	Pla2g4a	0.01205953583904	1014.69968688621	0.992099957689325
HALLMARK_INTERFERON_GAMMA_RESPONSE	P1	Plscr1	-0.233373760787141	1236.24648007698	0.505759957017819
HALLMARK_INTERFERON_GAMMA_RESPONSE	P1	Pml	-0.0818055821409503	1352.30052309869	0.943203504139265
HALLMARK_INTERFERON_GAMMA_RESPONSE	P1	Pnp2	-2.87809662071147	7.61505276303413	0.101797446275218
HALLMARK_INTERFERON_GAMMA_RESPONSE	P1	Pnpt1	-0.350308434877732	934.320890383914	0.122749428558797
HALLMARK_INTERFERON_GAMMA_RESPONSE	P1	Psma2	-0.0590442252470682	2507.97895845043	0.944860297365689
HALLMARK_INTERFERON_GAMMA_RESPONSE	P1	Psma3	-0.0711127354965317	3426.87782446277	0.937464307515283
HALLMARK_INTERFERON_GAMMA_RESPONSE	P1	Psmb10	-0.200323142561708	417.035196301137	0.76227746092949
HALLMARK_INTERFERON_GAMMA_RESPONSE	P1	Psmb2	-0.0743791770828346	1769.61422030104	0.926474622902529
HALLMARK_INTERFERON_GAMMA_RESPONSE	P1	Psmb8	-0.900108170899712	140.581169042264	0.00466384479198301
HALLMARK_INTERFERON_GAMMA_RESPONSE	P1	Psmb9	-0.327415146713899	66.1222022604845	0.805913336245273
HALLMARK_INTERFERON_GAMMA_RESPONSE	P1	Psme1	-0.0838392957529031	1992.28812855468	0.920284355097518
HALLMARK_INTERFERON_GAMMA_RESPONSE	P1	Psme2	0.135238288660398	1435.56109313671	0.841653950645333
HALLMARK_INTERFERON_GAMMA_RESPONSE	P1	Ptgs2	0.00148961757703087	66.150308862819	0.999112364233989
HALLMARK_INTERFERON_GAMMA_RESPONSE	P1	Ptpn1	0.0666692768862957	1637.39192802816	0.944655183096898
HALLMARK_INTERFERON_GAMMA_RESPONSE	P1	Ptpn2	0.0262641175650542	926.941626804989	0.983139376424151
HALLMARK_INTERFERON_GAMMA_RESPONSE	P1	Ptpn6	0.0808199033992445	211.670237674461	0.956408904576831
HALLMARK_INTERFERON_GAMMA_RESPONSE	P1	Rapgef6	-0.0768423865812667	909.836572096748	0.942760615002886
HALLMARK_INTERFERON_GAMMA_RESPONSE	P1	Rbck1	0.304405447696518	2250.49720306239	0.177686726002346
HALLMARK_INTERFERON_GAMMA_RESPONSE	P1	Rigi	-0.785404060802473	768.10479035126	4.32704970359429e-05
HALLMARK_INTERFERON_GAMMA_RESPONSE	P1	Ripk1	0.138447101117399	652.037351802732	0.850383915680758
HALLMARK_INTERFERON_GAMMA_RESPONSE	P1	Ripk2	-0.141413831124694	174.831640966242	0.903187438063632
HALLMARK_INTERFERON_GAMMA_RESPONSE	P1	Rnf213	-1.1044381812689	1681.47733929895	3.34660697627095e-10
HALLMARK_INTERFERON_GAMMA_RESPONSE	P1	Rnf31	0.0280450148849094	746.479531446186	0.985959886996237
HALLMARK_INTERFERON_GAMMA_RESPONSE	P1	Rsad2	-1.11115525086927	1918.34246424555	2.89457631091216e-10
HALLMARK_INTERFERON_GAMMA_RESPONSE	P1	Rtp4	-2.03205695481993	291.892982859754	6.83840293439291e-11
HALLMARK_INTERFERON_GAMMA_RESPONSE	P1	Samd9l	-0.25247467487678	492.395639807878	0.75359000231788
HALLMARK_INTERFERON_GAMMA_RESPONSE	P1	Samhd1	0.22123206748736	1361.35301634153	0.61896671040023
HALLMARK_INTERFERON_GAMMA_RESPONSE	P1	Sectm1a	1.06230550059801	11.9481497490649	0.556159366230924
HALLMARK_INTERFERON_GAMMA_RESPONSE	P1	Selp	1.00206005493407	8.96061617137227	0.744402749892397
HALLMARK_INTERFERON_GAMMA_RESPONSE	P1	Serping1	0.373901777158073	2317.73584319712	0.291713273524867
HALLMARK_INTERFERON_GAMMA_RESPONSE	P1	Slc25a28	-0.0927747070609906	1516.45836781149	0.93953171026812
HALLMARK_INTERFERON_GAMMA_RESPONSE	P1	Socs1	-0.0830977754391002	112.061833105515	0.967582289231937
HALLMARK_INTERFERON_GAMMA_RESPONSE	P1	Socs3	-0.0851053180035476	367.584242737675	0.952130200654825
HALLMARK_INTERFERON_GAMMA_RESPONSE	P1	Sp110	-1.11990429855227	74.9149725237068	0.00862337102838715
HALLMARK_INTERFERON_GAMMA_RESPONSE	P1	Sppl2a	-0.0477575616026643	1497.56665882348	0.960830208307873
HALLMARK_INTERFERON_GAMMA_RESPONSE	P1	Sri	0.0660130999539233	2752.84780398049	0.939280429253089
HALLMARK_INTERFERON_GAMMA_RESPONSE	P1	Sspn	-0.58750233245026	390.26923694495	0.0464940175576343
HALLMARK_INTERFERON_GAMMA_RESPONSE	P1	St3gal5	0.0866450902470291	572.101478077976	0.943203504139265
HALLMARK_INTERFERON_GAMMA_RESPONSE	P1	St8sia4	0.0457880659581845	87.7852286780696	0.987896929860545
HALLMARK_INTERFERON_GAMMA_RESPONSE	P1	Stat1	-1.11593693092782	397.163832030346	0.000264902278605717
HALLMARK_INTERFERON_GAMMA_RESPONSE	P1	Stat2	-0.866612177024762	782.165963158163	3.92240741554678e-07
HALLMARK_INTERFERON_GAMMA_RESPONSE	P1	Stat3	-0.208803352187601	2347.67723928114	0.621218461275741
HALLMARK_INTERFERON_GAMMA_RESPONSE	P1	Stat4	-1.57325119470621	20.0317571411192	0.0671845525919249
HALLMARK_INTERFERON_GAMMA_RESPONSE	P1	Tap1	-0.835999595799623	394.020484492988	9.48389344700373e-05
HALLMARK_INTERFERON_GAMMA_RESPONSE	P1	Tapbp	-0.183277213151736	1677.33063556716	0.691914639476869
HALLMARK_INTERFERON_GAMMA_RESPONSE	P1	Tdrd7	-0.166149094808479	786.911049046746	0.777573674532458
HALLMARK_INTERFERON_GAMMA_RESPONSE	P1	Tnfaip2	0.0749321902850811	1138.22016893471	0.945539590763929
HALLMARK_INTERFERON_GAMMA_RESPONSE	P1	Tnfaip3	0.0750465320835167	152.456352461747	0.962440396175432
HALLMARK_INTERFERON_GAMMA_RESPONSE	P1	Tnfaip6	-0.386951470680768	76.4586341113949	0.741461126762258
HALLMARK_INTERFERON_GAMMA_RESPONSE	P1	Tnfsf10	0.232223058891886	333.065369777569	0.767135942668899
HALLMARK_INTERFERON_GAMMA_RESPONSE	P1	Tor1b	0.223067592502674	1356.44814822147	0.495237981907499
HALLMARK_INTERFERON_GAMMA_RESPONSE	P1	Trafd1	-0.262426874079045	1454.33343273237	0.448025348371891
HALLMARK_INTERFERON_GAMMA_RESPONSE	P1	Trim14	0.0372305813314748	71.993358669011	0.988751285341082
HALLMARK_INTERFERON_GAMMA_RESPONSE	P1	Trim21	-0.170472862047772	253.36405272669	0.832936075378878
HALLMARK_INTERFERON_GAMMA_RESPONSE	P1	Trim25	-0.0910307669151817	2128.21352909623	0.895410178911173
HALLMARK_INTERFERON_GAMMA_RESPONSE	P1	Trim26	-0.00554135278575686	1819.59768974877	0.99474573870138
HALLMARK_INTERFERON_GAMMA_RESPONSE	P1	Txnip	0.202116171143675	14035.9482168176	0.938529976488129
HALLMARK_INTERFERON_GAMMA_RESPONSE	P1	Ube2l6	-0.328352780166355	556.833040916995	0.604704850957676
HALLMARK_INTERFERON_GAMMA_RESPONSE	P1	Upp1	-0.152622755152546	192.789157467336	0.930546187654034
HALLMARK_INTERFERON_GAMMA_RESPONSE	P1	Usp18	-2.72912567276039	108.529329542139	1.15266236940767e-12
HALLMARK_INTERFERON_GAMMA_RESPONSE	P1	Vamp5	0.237334307476198	403.259775668695	0.702645906019844
HALLMARK_INTERFERON_GAMMA_RESPONSE	P1	Vamp8	-0.0438812380665126	1610.87902992359	0.962440396175432
HALLMARK_INTERFERON_GAMMA_RESPONSE	P1	Vcam1	-0.0666160646881967	753.771724212531	0.961533529005666
HALLMARK_INTERFERON_GAMMA_RESPONSE	P1	Wars1	0.185850582317209	1664.70515102768	0.595614936410677
HALLMARK_INTERFERON_GAMMA_RESPONSE	P1	Xaf1	-1.54846423220142	323.94892168727	4.50157573789629e-13
HALLMARK_INTERFERON_GAMMA_RESPONSE	P1	Zbp1	-2.62511871944882	18.0823726921098	0.00118482607135452
HALLMARK_INTERFERON_GAMMA_RESPONSE	P1	Znfx1	-0.143209589024052	1055.46289338731	0.846887830860717
HALLMARK_INTERFERON_ALPHA_RESPONSE	P1	Adar	-0.471679298158785	1565.67070634933	0.0357271840391301
HALLMARK_INTERFERON_ALPHA_RESPONSE	P1	B2m	-0.509149320854913	2255.59797733052	0.037421039336725
HALLMARK_INTERFERON_ALPHA_RESPONSE	P1	Batf2	0.0497960429960936	20.3483853405386	0.991698795905343
HALLMARK_INTERFERON_ALPHA_RESPONSE	P1	Bst2	-1.39932972258874	1102.5631474999	2.76418308942852e-08
HALLMARK_INTERFERON_ALPHA_RESPONSE	P1	C1s1	0.0688329502897627	1742.16763815253	0.938529976488129
HALLMARK_INTERFERON_ALPHA_RESPONSE	P1	Casp1	-0.216595947852597	11.7704618246965	0.962933545788728
HALLMARK_INTERFERON_ALPHA_RESPONSE	P1	Casp8	0.192372124566854	691.141359088943	0.686737554415119
HALLMARK_INTERFERON_ALPHA_RESPONSE	P1	Ccrl2	-0.586769135109189	32.216350497056	0.703023173397552
HALLMARK_INTERFERON_ALPHA_RESPONSE	P1	Cd47	0.0373461620148539	2329.57541223425	0.974558332418999
HALLMARK_INTERFERON_ALPHA_RESPONSE	P1	Cd74	-0.0507308945408496	137.01157036747	0.978392774685213
HALLMARK_INTERFERON_ALPHA_RESPONSE	P1	Cmpk2	-0.764181714176765	373.418091318874	0.0010930912051321
HALLMARK_INTERFERON_ALPHA_RESPONSE	P1	Cmtr1	0.0106573642983243	275.924081652331	0.993716485154866
HALLMARK_INTERFERON_ALPHA_RESPONSE	P1	Cnp	0.173818079722075	401.741186163658	0.840611187552378
HALLMARK_INTERFERON_ALPHA_RESPONSE	P1	Csf1	-0.0789076415055232	463.414539406302	0.949322828763888
HALLMARK_INTERFERON_ALPHA_RESPONSE	P1	Cxcl10	-1.59766836056652	26.2788601787389	0.0592171596570605
HALLMARK_INTERFERON_ALPHA_RESPONSE	P1	Cxcl11	-0.0642617548560488	2.86249387631605	0.99474573870138
HALLMARK_INTERFERON_ALPHA_RESPONSE	P1	Ddx60	-1.44964594391263	79.5865948595368	0.000142770255294057
HALLMARK_INTERFERON_ALPHA_RESPONSE	P1	Dhx58	-1.04181527806571	122.776334770923	0.00734166690694811
HALLMARK_INTERFERON_ALPHA_RESPONSE	P1	Eif2ak2	-0.457002178519747	1147.5574802447	0.106270610665953
HALLMARK_INTERFERON_ALPHA_RESPONSE	P1	Elf1	-0.0201244931540896	1357.31528597317	0.988019717736383
HALLMARK_INTERFERON_ALPHA_RESPONSE	P1	Epsti1	-1.09445100853129	49.5652222512838	0.0523877483592369
HALLMARK_INTERFERON_ALPHA_RESPONSE	P1	Gbp2	-0.291646351911311	90.0186159377276	0.799623017558653
HALLMARK_INTERFERON_ALPHA_RESPONSE	P1	Gbp3	-2.65982035731308	295.62839761323	2.5460368698573e-27
HALLMARK_INTERFERON_ALPHA_RESPONSE	P1	Gmpr	-0.319851650638329	813.653170570971	0.199515056165151
HALLMARK_INTERFERON_ALPHA_RESPONSE	P1	H2-Q10	-2.35718424147952	65.5963706837984	0.246756004470656
HALLMARK_INTERFERON_ALPHA_RESPONSE	P1	H2-Q7	-2.40193138465591	68.7735868989893	3.87001977053229e-11
HALLMARK_INTERFERON_ALPHA_RESPONSE	P1	Helz2	-0.247842736683464	857.477754840097	0.665810110065841
HALLMARK_INTERFERON_ALPHA_RESPONSE	P1	Herc6	-0.536715256557691	136.754096602754	0.215489611383014
HALLMARK_INTERFERON_ALPHA_RESPONSE	P1	Ifi27	0.0270989451004193	374.04872055457	0.988313490236094
HALLMARK_INTERFERON_ALPHA_RESPONSE	P1	Ifi30	0.146927249811012	1162.81101690203	0.87062818551145
HALLMARK_INTERFERON_ALPHA_RESPONSE	P1	Ifi35	-0.596160402299311	442.68189414705	0.0352320497275836
HALLMARK_INTERFERON_ALPHA_RESPONSE	P1	Ifi44	-1.29108555351451	490.301030877169	0.0722763546796732
HALLMARK_INTERFERON_ALPHA_RESPONSE	P1	Ifi44l	0.219150297696504	2.06700603990626	
HALLMARK_INTERFERON_ALPHA_RESPONSE	P1	Ifih1	-1.83690386394535	229.581881195489	1.06796270197365e-15
HALLMARK_INTERFERON_ALPHA_RESPONSE	P1	Ifit2	-0.163413061226177	514.190926625649	0.828796886015048
HALLMARK_INTERFERON_ALPHA_RESPONSE	P1	Ifit3	-2.73700750053282	349.266245460293	1.04652293755698e-28
HALLMARK_INTERFERON_ALPHA_RESPONSE	P1	Ifitm1	-0.0841512837255781	593.632201464885	0.933181310423043
HALLMARK_INTERFERON_ALPHA_RESPONSE	P1	Ifitm2	0.155596295349494	1113.59620696091	0.79193364205604
HALLMARK_INTERFERON_ALPHA_RESPONSE	P1	Ifitm3	-1.09810805862667	2556.91359944077	1.92409870208424e-07
HALLMARK_INTERFERON_ALPHA_RESPONSE	P1	Il15	-0.220696295327422	103.401202753864	0.862888073804934
HALLMARK_INTERFERON_ALPHA_RESPONSE	P1	Il4ra	-0.0146952530823678	645.087430668	0.99203324961235
HALLMARK_INTERFERON_ALPHA_RESPONSE	P1	Il7	-1.09414467081649	8.63419612810995	0.69143805859502
HALLMARK_INTERFERON_ALPHA_RESPONSE	P1	Irf1	-0.181370827108148	390.023091664503	0.767746191872413
HALLMARK_INTERFERON_ALPHA_RESPONSE	P1	Irf2	0.148108943769004	673.827401907143	0.860280472056851
HALLMARK_INTERFERON_ALPHA_RESPONSE	P1	Irf7	-2.32240849907365	386.586025048635	1.23684760769669e-18
HALLMARK_INTERFERON_ALPHA_RESPONSE	P1	Irf9	-1.0333513101079	893.193677444869	2.43336926261805e-05
HALLMARK_INTERFERON_ALPHA_RESPONSE	P1	Isg15	-2.972893039779	247.827786005634	0.00178580236655821
HALLMARK_INTERFERON_ALPHA_RESPONSE	P1	Isg20	-0.573134895187824	51.7828506663815	0.556159366230924
HALLMARK_INTERFERON_ALPHA_RESPONSE	P1	Lap3	0.108913933906963	1595.91905942082	0.895462218734578
HALLMARK_INTERFERON_ALPHA_RESPONSE	P1	Lgals3bp	-1.20227463827622	1638.68386101679	9.49526233032231e-17
HALLMARK_INTERFERON_ALPHA_RESPONSE	P1	Lpar6	-0.0128792686547827	491.935829884027	0.993565779061457
HALLMARK_INTERFERON_ALPHA_RESPONSE	P1	Ly6e	-0.281395878615464	5491.61486397635	0.471743164442569
HALLMARK_INTERFERON_ALPHA_RESPONSE	P1	Mov10	-0.201108397488564	1152.59164108679	0.727031747433117
HALLMARK_INTERFERON_ALPHA_RESPONSE	P1	Mvb12a	-0.0474144132557576	1155.2861860837	0.964899491955656
HALLMARK_INTERFERON_ALPHA_RESPONSE	P1	Mx2	-1.59894617992006	86.0694088896841	7.94195528900001e-05
HALLMARK_INTERFERON_ALPHA_RESPONSE	P1	Ncoa7	-0.648777339967094	770.610792392607	0.000362794763602069
HALLMARK_INTERFERON_ALPHA_RESPONSE	P1	Nmi	-0.350405440370313	245.138036818256	0.462037054592323
HALLMARK_INTERFERON_ALPHA_RESPONSE	P1	Nub1	-0.115611206997298	1936.15428275219	0.871584639668411
HALLMARK_INTERFERON_ALPHA_RESPONSE	P1	Oas1a	-1.28581073305395	105.533501181771	0.000871678067506682
HALLMARK_INTERFERON_ALPHA_RESPONSE	P1	Oas1g	-1.46266138142214	20.98349157903	0.166479931831452
HALLMARK_INTERFERON_ALPHA_RESPONSE	P1	Oasl1	-2.18635316054108	100.701575769223	1.29765150433166e-11
HALLMARK_INTERFERON_ALPHA_RESPONSE	P1	Ogfr	-0.318027970833243	2443.00231321294	0.2541215732715
HALLMARK_INTERFERON_ALPHA_RESPONSE	P1	Parp12	-0.855964475464776	752.723100715788	5.56160677916652e-06
HALLMARK_INTERFERON_ALPHA_RESPONSE	P1	Parp14	-1.23880864414184	354.099301603728	7.2083297485948e-09
HALLMARK_INTERFERON_ALPHA_RESPONSE	P1	Parp9	-0.720855520305052	385.639009233222	0.000624444438485302
HALLMARK_INTERFERON_ALPHA_RESPONSE	P1	Plscr1	-0.233373760787141	1236.24648007698	0.505759957017819
HALLMARK_INTERFERON_ALPHA_RESPONSE	P1	Pnpt1	-0.350308434877732	934.320890383914	0.122749428558797
HALLMARK_INTERFERON_ALPHA_RESPONSE	P1	Procr	1.64058144302647	324.958090338452	7.47686635920612e-15
HALLMARK_INTERFERON_ALPHA_RESPONSE	P1	Psma3	-0.0711127354965317	3426.87782446277	0.937464307515283
HALLMARK_INTERFERON_ALPHA_RESPONSE	P1	Psmb8	-0.900108170899712	140.581169042264	0.00466384479198301
HALLMARK_INTERFERON_ALPHA_RESPONSE	P1	Psmb9	-0.327415146713899	66.1222022604845	0.805913336245273
HALLMARK_INTERFERON_ALPHA_RESPONSE	P1	Psme1	-0.0838392957529031	1992.28812855468	0.920284355097518
HALLMARK_INTERFERON_ALPHA_RESPONSE	P1	Psme2	0.135238288660398	1435.56109313671	0.841653950645333
HALLMARK_INTERFERON_ALPHA_RESPONSE	P1	Ripk2	-0.141413831124694	174.831640966242	0.903187438063632
HALLMARK_INTERFERON_ALPHA_RESPONSE	P1	Rnf31	0.0280450148849094	746.479531446186	0.985959886996237
HALLMARK_INTERFERON_ALPHA_RESPONSE	P1	Rsad2	-1.11115525086927	1918.34246424555	2.89457631091216e-10
HALLMARK_INTERFERON_ALPHA_RESPONSE	P1	Rtp4	-2.03205695481993	291.892982859754	6.83840293439291e-11
HALLMARK_INTERFERON_ALPHA_RESPONSE	P1	Samd9l	-0.25247467487678	492.395639807878	0.75359000231788
HALLMARK_INTERFERON_ALPHA_RESPONSE	P1	Sell	-0.411592238707943	18.0269977836903	0.892946449751531
HALLMARK_INTERFERON_ALPHA_RESPONSE	P1	Slc25a28	-0.0927747070609906	1516.45836781149	0.93953171026812
HALLMARK_INTERFERON_ALPHA_RESPONSE	P1	Sp110	-1.11990429855227	74.9149725237068	0.00862337102838715
HALLMARK_INTERFERON_ALPHA_RESPONSE	P1	Stat2	-0.866612177024762	782.165963158163	3.92240741554678e-07
HALLMARK_INTERFERON_ALPHA_RESPONSE	P1	Tap1	-0.835999595799623	394.020484492988	9.48389344700373e-05
HALLMARK_INTERFERON_ALPHA_RESPONSE	P1	Tdrd7	-0.166149094808479	786.911049046746	0.777573674532458
HALLMARK_INTERFERON_ALPHA_RESPONSE	P1	Tent5a	-0.360649025611527	338.919651206348	0.448025348371891
HALLMARK_INTERFERON_ALPHA_RESPONSE	P1	Tmem140	-0.482808658031977	147.989178340841	0.526079840427115
HALLMARK_INTERFERON_ALPHA_RESPONSE	P1	Trafd1	-0.262426874079045	1454.33343273237	0.448025348371891
HALLMARK_INTERFERON_ALPHA_RESPONSE	P1	Trim12c	0.701043777794517	516.101060789442	0.00868934712715208
HALLMARK_INTERFERON_ALPHA_RESPONSE	P1	Trim14	0.0372305813314748	71.993358669011	0.988751285341082
HALLMARK_INTERFERON_ALPHA_RESPONSE	P1	Trim21	-0.170472862047772	253.36405272669	0.832936075378878
HALLMARK_INTERFERON_ALPHA_RESPONSE	P1	Trim25	-0.0910307669151817	2128.21352909623	0.895410178911173
HALLMARK_INTERFERON_ALPHA_RESPONSE	P1	Trim26	-0.00554135278575686	1819.59768974877	0.99474573870138
HALLMARK_INTERFERON_ALPHA_RESPONSE	P1	Trim5	-7.83211628814228	21.3073813482508	9.23935071975595e-08
HALLMARK_INTERFERON_ALPHA_RESPONSE	P1	Txnip	0.202116171143675	14035.9482168176	0.938529976488129
HALLMARK_INTERFERON_ALPHA_RESPONSE	P1	Uba7	-0.82200598866174	539.508064642156	0.00026233135231056
HALLMARK_INTERFERON_ALPHA_RESPONSE	P1	Ube2l6	-0.328352780166355	556.833040916995	0.604704850957676
HALLMARK_INTERFERON_ALPHA_RESPONSE	P1	Usp18	-2.72912567276039	108.529329542139	1.15266236940767e-12
HALLMARK_INTERFERON_ALPHA_RESPONSE	P1	Wars1	0.185850582317209	1664.70515102768	0.595614936410677
