animal_id,strain,strain_full,mgp_vcf_sample,sex,age_weeks,glomeruli_per_kidney,kidney_weight_g,body_weight_g,glom_per_g_kw,glom_per_g_bw,kw_bw_pct
B6_M_1,B6,C57BL/6J,REFERENCE,M,8,6750,0.109,21.5,61926.605504587154,313.95348837209303,0.5069767441860465
B6_M_2,B6,C57BL/6J,REFERENCE,M,8,6600,0.122,23.0,54098.360655737706,286.95652173913044,0.5304347826086957
B6_M_3,B6,C57BL/6J,REFERENCE,M,8,7320,0.128,21.7,57187.5,337.3271889400922,0.5898617511520737
B6_M_4,B6,C57BL/6J,REFERENCE,M,8,6260,0.121,23.3,51735.53719008264,268.6695278969957,0.51931330472103
B6_M_5,B6,C57BL/6J,REFERENCE,M,8,7160,0.115,23.2,62260.86956521739,308.62068965517244,0.4956896551724138
B6_F_1,B6,C57BL/6J,REFERENCE,F,8,7000,0.092,16.6,76086.95652173914,421.6867469879518,0.5542168674698794
B6_F_2,B6,C57BL/6J,REFERENCE,F,8,8760,0.08,16.9,109500.0,518.3431952662722,0.47337278106508884
B6_F_3,B6,C57BL/6J,REFERENCE,F,8,7920,0.09,17.6,88000.0,449.99999999999994,0.5113636363636362
B6_F_4,B6,C57BL/6J,REFERENCE,F,8,7060,0.105,17.7,67238.09523809524,398.87005649717514,0.5932203389830508
B6_F_5,B6,C57BL/6J,REFERENCE,F,8,7660,0.089,18.07,86067.41573033709,423.90702822357497,0.4925290536801328
FVB_M_1,FVB,FVB/N,FVB_NJ,M,8,4820,0.212,26.7,22735.849056603773,180.5243445692884,0.7940074906367041
FVB_M_2,FVB,FVB/N,FVB_NJ,M,8,6200,0.231,31.52,26839.826839826837,196.7005076142132,0.7328680203045685
FVB_M_3,FVB,FVB/N,FVB_NJ,M,8,6140,0.181,26.7,33922.65193370166,229.9625468164794,0.6779026217228464
FVB_M_4,FVB,FVB/N,FVB_NJ,M,8,5800,0.191,26.3,30366.49214659686,220.53231939163499,0.7262357414448669
FVB_M_5,FVB,FVB/N,FVB_NJ,M,8,6480,0.195,25.05,33230.76923076923,258.6826347305389,0.7784431137724551
FVB_F_1,FVB,FVB/N,FVB_NJ,F,8,6500,0.15,22.3,43333.333333333336,291.47982062780267,0.6726457399103138
FVB_F_2,FVB,FVB/N,FVB_NJ,F,8,6380,0.13,20.2,49076.92307692308,315.84158415841586,0.6435643564356436
FVB_F_3,FVB,FVB/N,FVB_NJ,F,8,7140,0.155,23.4,46064.51612903226,305.12820512820514,0.6623931623931625
FVB_F_4,FVB,FVB/N,FVB_NJ,F,8,5780,0.173,23.2,33410.40462427746,249.13793103448276,0.7456896551724138
FVB_F_5,FVB,FVB/N,FVB_NJ,F,8,5800,0.139,20.5,41726.618705035966,282.9268292682927,0.6780487804878049
BALB_M_1,BALB,BALB/c,BALB_cJ,M,8,9740,0.193,26.8,50466.321243523314,363.4328358208955,0.7201492537313433
BALB_M_2,BALB,BALB/c,BALB_cJ,M,8,12700,0.216,28.2,58796.2962962963,450.35460992907804,0.7659574468085106
BALB_M_3,BALB,BALB/c,BALB_cJ,M,8,11080,0.209,28.6,53014.354066985645,387.4125874125874,0.7307692307692306
BALB_M_4,BALB,BALB/c,BALB_cJ,M,8,14260,0.217,29.7,65714.28571428571,480.13468013468014,0.7306397306397306
BALB_M_5,BALB,BALB/c,BALB_cJ,M,8,8540,0.228,30.5,37456.14035087719,280.0,0.7475409836065574
BALB_F_1,BALB,BALB/c,BALB_cJ,F,8,13740,0.16,25.09,85875.0,547.628537265843,0.6377042646472698
BALB_F_2,BALB,BALB/c,BALB_cJ,F,8,17140,0.157,24.2,109171.97452229299,708.2644628099174,0.6487603305785125
BALB_F_3,BALB,BALB/c,BALB_cJ,F,8,11580,0.168,24.7,68928.57142857142,468.8259109311741,0.680161943319838
BALB_F_4,BALB,BALB/c,BALB_cJ,F,8,12180,0.157,23.7,77579.6178343949,513.9240506329114,0.6624472573839663
BALB_F_5,BALB,BALB/c,BALB_cJ,F,8,14520,0.184,25.3,78913.04347826086,573.9130434782609,0.7272727272727273
DBA_M_1,DBA,DBA/2,DBA_2J,M,8,8325,0.13,20.5,64038.46153846154,406.0975609756098,0.6341463414634146
DBA_M_2,DBA,DBA/2,DBA_2J,M,8,7350,0.157,21.27,46815.28662420382,345.5571227080395,0.7381288199341797
DBA_M_3,DBA,DBA/2,DBA_2J,M,8,9700,0.13,21.45,74615.38461538461,452.21445221445225,0.6060606060606061
DBA_M_4,DBA,DBA/2,DBA_2J,M,8,8000,0.139,22.7,57553.95683453237,352.4229074889868,0.6123348017621146
DBA_M_5,DBA,DBA/2,DBA_2J,M,8,7775,0.199,22.9,39070.35175879397,339.51965065502185,0.8689956331877731
DBA_F_1,DBA,DBA/2,DBA_2J,F,8,9040,0.112,19.02,80714.28571428571,475.2891692954785,0.5888538380651945
DBA_F_2,DBA,DBA/2,DBA_2J,F,8,7000,0.147,19.88,47619.04761904762,352.11267605633805,0.7394366197183099
DBA_F_3,DBA,DBA/2,DBA_2J,F,8,8420,0.097,18.0,86804.1237113402,467.77777777777777,0.538888888888889
DBA_F_4,DBA,DBA/2,DBA_2J,F,8,8980,0.149,19.4,60268.45637583893,462.88659793814435,0.7680412371134021
DBA_F_5,DBA,DBA/2,DBA_2J,F,8,8520,0.141,21.1,60425.531914893625,403.79146919431275,0.6682464454976302
