gene_name	gene_id	var_id	CHROM	POS	REF	ALT	dist	all_genes_assigned	also_assigned_elsewhere	in_background	concordant
Brdt	ENSMUSG00000029279.17	chr5:107507754:A:G	chr5	107507754	A	G	0	Brdt;Gm71444	True	True	True
Flrt1	ENSMUSG00000047787.10	chr19:7080964:G:A	chr19	7080964	G	A	0	Flrt1;Macrod1	True	True	True
Flrt1	ENSMUSG00000047787.10	chr19:7097854:C:A	chr19	7097854	C	A	0	Flrt1;Macrod1	True	True	True
Flrt1	ENSMUSG00000047787.10	chr19:7098725:A:G	chr19	7098725	A	G	0	Flrt1;Macrod1	True	True	True
Flrt1	ENSMUSG00000047787.10	chr19:7099368:G:A	chr19	7099368	G	A	0	Flrt1;Macrod1	True	True	True
Flrt1	ENSMUSG00000047787.10	chr19:7099709:CGGG:C	chr19	7099709	CGGG	C	0	Flrt1;Macrod1	True	True	True
Flrt1	ENSMUSG00000047787.10	chr19:7128275:ACAGGGCAGGGTGCCCCC:A	chr19	7128275	ACAGGGCAGGGTGCCCCC	A	0	Flrt1;Macrod1	True	True	True
Flrt1	ENSMUSG00000047787.10	chr19:7128309:C:A	chr19	7128309	C	A	0	Flrt1;Macrod1	True	True	True
Flrt1	ENSMUSG00000047787.10	chr19:7143149:C:T	chr19	7143149	C	T	0	Flrt1;Macrod1	True	True	True
Ildr2	ENSMUSG00000040612.15	chr1:166110338:G:A	chr1	166110338	G	A	0	Ildr2	False	True	True
Trnp1	ENSMUSG00000056596.10	chr4:133217557:C:T	chr4	133217557	C	T	850	Trnp1	False	True	True
Trnp1	ENSMUSG00000056596.10	chr4:133225145:C:G	chr4	133225145	C	G	0	Trnp1	False	True	True
Usp29	ENSMUSG00000051527.12	chr7:6802033:G:C	chr7	6802033	G	C	0	Usp29	False	True	True
Usp29	ENSMUSG00000051527.12	chr7:6823851:A:C	chr7	6823851	A	C	0	Usp29	False	True	True
Usp29	ENSMUSG00000051527.12	chr7:6861786:A:G	chr7	6861786	A	G	0	Usp29	False	True	True
