#Supplementary Table S1 — WORKING DRAFT (not for submission). No 要確認 cell remains; the two cells flagged 公開後に記入 refer to one and the same pending item — the URL and commit ID of the patched-g2gtools repository, which can be filled only after it is pushed. Generated 2026-09-15 from analysis records; updated after rerun2 and public-source verification 2026-09-15; gene-set provenance added 2026-09-16.
#SECTION	Software
name	version_or_value	purpose_or_detail	environment_or_location	evidence	status
fastp	1.3.6	read trimming/QC (defaults; -w 4 or -w 1)	conda env fvb_pipeline	results/phase0/fastp/*.fastp.json (summary.fastp_version, command)	確定
STAR	2.7.10a	genome index and alignment	/usr/local/src/STAR-2.7.10a (static binary)	results/phase2/star_*/*/Log.out:1	確定
gffread	0.12.9	built gencode.vM39.transcripts.fa from the GTF and the primary assembly (input for the salmon index of the sex check)	conda env fvb_pipeline (bioconda gffread 0.12.9 hf426362_0, installed 2026-08-03)	results/logs/install_gffread.log:21; command reproduced byte-identically (rerun2/F/provenance_checks/transcripts_md5.txt)	確定
featureCounts (Subread)	2.0.3	gene-level counting	/usr/local/src/subread-2.0.3-Linux-x86_64	results/phase2/counts*/*.counts.txt:1	確定
g2gtools	0.2.7 (locally modified for Python 3 on 2026-06-16; see Genome construction)	personalised genomes; coordinate conversion	system Python 3.11.2, /usr/local/lib/python3.11/dist-packages/g2gtools	pip show; RECORD sha256 check	確定
bsam_fixed.py + g2g_bam_convert.py	md5 9602d31e795d9318760f098d43f7ae9f (bsam_fixed.py)	patched BAM reverse conversion used for condition B counts; drops contigs without VCI records (chrM, chrY, 39 scaffolds)	/usr/local/jupyter/FVB_B6_glo	run_quantify_cleanup.sh:27-30; rerun2/A0/chrM_chrY_counts_by_arm.tsv	確定 (公開 URL/commit は公開後に記入)
g2g_bam_convert_v2.py (proposed for publication)	rerun2/A/patch_v2/g2g_bam_convert_v2.py	adds identity mapping for contigs without VCI records (41 contigs for FVB_NJ); MRE ALL_OK incl. variant-free contig	system Python 3.11.2	rerun2/A/patch_v2/mre/run_mre_v2.log; real_vci_identity_contigs.txt	確定 (MRE) / 実データ未使用 (方針 b 未実行)
bcftools / htslib	1.21 / 1.21	variant filtering, normalisation, decomposition	/usr/bin/bcftools (Debian 1.21-1)	VCF headers ##bcftools_*Version	確定
samtools	1.15.1 (/usr/local/bin) for the retained BAM indexes; 0.1.19 (conda env) may have indexed the 3 re-mapped condition A/B BAMs	sort/index/quickcheck; indexes do not affect featureCounts	see evidence	rerun2/F/provenance_checks/bai_md5.txt: existing B6135-1 .bai is byte-identical to samtools 1.15.1 output, not to 0.1.19	確定 (保存されている索引); 削除済み BAM の索引は記述で代替
bedtools	2.31.1	interval operations	/usr/bin/bedtools (Debian 2.31.1+dfsg-3, installed 2026-08-03 14:20)	dpkg.log; bedtools --version	確定
CrossMap	0.7.3 (Python package metadata; the executable's --version prints 0.7.0)	mm10→GRCm39 conversion of GSE124804 peaks and GSE90016 summits; reciprocal-lift check	/usr/local/bin/CrossMap, system Python 3.11.2 (installed 2026-06-16)	pip show CrossMap; rerun2/E1/md5_comparison.tsv (outputs byte-identical on rerun)	確定 (版は pip metadata。解析時と同一のインストール)
UCSC liftOver	v482 (bioconda h0b57e2e_0)	installed but not used for reported results (all conversions reproduced with CrossMap, rerun2/E1, E2)	conda env fvb_pipeline	results/versions.txt:16; rerun2/E1/md5_comparison.tsv	確定 (未使用)
Ensembl VEP	116.0 (cache mus_musculus GRCm39 release 116)	variant annotation (--everything)	conda env fvb_pipeline	run_vep.sh:8-15; results/versions.txt	確定
salmon	2.4.1 (Rust port)	sex check (TPM of Y-linked genes and Xist)	conda env fvb_pipeline (bioconda salmon 2.4.1 hfa8f182_0)	results/phase0/sex_check/<sample>/logs/salmon_quant.log:1 "salmon (rust port) v2.4.1"; conda list; salmon --version; install_tools.log:300	確定 (3 系統の記録が一致。実行ログは Rust 実装 piscem/cf1_rs)
R	4.2.2 (2022-10-31)	DE, GSEA, motifs, deconvolution	/usr/bin/R; Bioconductor 3.16	R --version; results/versions.txt	確定
DESeq2	1.38.3	differential expression	/usr/local/lib/R/site-library (built 2026-04-15)	DESCRIPTION	確定
fgsea	1.24.0	GSEA (fgseaMultilevel)	/usr/local/lib/R/site-library (built 2023-06-14)	DESCRIPTION; rerun identical	確定
msigdbr	26.1.0	MSigDB gene sets	/usr/local/lib/R/site-library (built 2026-04-15)	DESCRIPTION; ~/.cache/R/msigdbr	確定
babelgene	22.9	human→mouse orthologues inside msigdbr	/usr/local/lib/R/site-library	DESCRIPTION	確定
motifbreakR	2.12.3	motif disruption	/usr/local/lib/R/site-library (built 2026-08-03)	DESCRIPTION	確定
MotifDb	1.40.0	motif matrices	/usr/local/lib/R/site-library (built 2026-08-03)	DESCRIPTION	確定
BSgenome.Mmusculus.UCSC.mm39	1.4.3	genome for motifbreakR	/usr/local/lib/R/site-library	results/versions.txt	確定
VariantAnnotation	1.44.1	VCF reading inside motifbreakR	/usr/local/lib/R/site-library (built 2026-08-03)	DESCRIPTION	確定
nnls	1.6	non-negative least squares	/usr/local/lib/R/site-library (built 2026-08-03)	DESCRIPTION; sessionInfo_rerun.txt	確定
Python	3.11.2	phenotype statistics, tables, figures, g2gtools	/usr/bin/python3; venv_stats (statsmodels 0.14.6)	runtime_python_os_20260915.txt	確定
pandas / numpy / scipy / pysam	3.0.3 / 2.4.6 / 1.17.1 / 0.24.0		system site-packages (dist-info 2026-06-16/18)	pip_freeze_system_python3_20260915.txt	推定 (解析時と同一)
statsmodels	0.14.6 (venv_stats) — environment created 2026-08-09 16:56, outputs written 16:57	ANOVA/ANCOVA/Tukey (analyze_phenotype.py)	venv_stats; conda envs carry 0.15.0	rerun2/F/provenance_checks: outputs identical under 0.14.6 and 0.15.0 and byte-identical to results/phenotype/	確定 (結果は版に依存しない)
OS	Debian GNU/Linux 13 (trixie), WSL2 kernel 5.15.167.4			/etc/os-release; uname	確定 (2026-09-15 時点)
#SECTION	Reference data
accession_or_source	exact_file_name	URL	md5 (computed 2026-09-15)	obtained_date	status_and_notes
GENCODE release M39 (Ensembl 116), CHR comprehensive annotation	gencode.vM39.annotation.gtf (decompressed from gencode.vM39.annotation.gtf.gz)	https://ftp.ebi.ac.uk/pub/databases/gencode/Gencode_mouse/release_M39/gencode.vM39.annotation.gtf.gz	376fbf8b53c397e324c65ac2137fe3af (.gtf.gz 00de1ed79904a24be84704aa9d84adce = GENCODE MD5SUMS)	not recorded; local file time equals the server file time (preserved at download), so it does not indicate the download date (server 2026-06-09 13:55 BST)	確定: md5 matches the GENCODE release M39 MD5SUMS (verified 2026-09-15; rerun2/F/source_verification/md5_verification_public_sources.tsv)
GENCODE GRCm39 primary assembly (PRI), release M39 distribution	GRCm39.primary_assembly.genome.fa (decompressed from GRCm39.primary_assembly.genome.fa.gz)	https://ftp.ebi.ac.uk/pub/databases/gencode/Gencode_mouse/release_M39/GRCm39.primary_assembly.genome.fa.gz	f7e956ab58169c9b457c93bc7ecca0a2 (= md5 of the decompressed M39 .gz; .gz md5 bffa410b822ae1518413091fed1e4aa8 = GENCODE MD5SUMS)	not recorded; local file time equals the server file time (preserved at download), so it does not indicate the download date (server 2026-06-09 13:55 BST)	確定: decompressed release M39 file is identical (rerun2/F/source_verification/gencode_fasta_stream_md5.tsv)
transcript sequences (derived, not the GENCODE-distributed transcripts.fa)	gencode.vM39.transcripts.fa	generated locally: gffread -w gencode.vM39.transcripts.fa -g GRCm39.primary_assembly.genome.fa gencode.vM39.annotation.gtf (gffread 0.12.9, conda env fvb_pipeline)	97b37640111b0c0c43689a3e347f7c04 (reproduced byte-identically by the command; differs from the distributed file f6545036d843b38c56d45c5618eaf2a4)	created 2026-08-03 18:41 JST	確定: used only for the salmon index of the sex check (rerun2/F/provenance_checks/transcripts_md5.txt)
Mouse Genomes Project REL2021 SNPs (GRCm39, 52 strains)	mgp_REL2021_snps.vcf.gz (+ .csi 79af7c5543a5d2b33d2b248addb3d6c1)	https://ftp.ebi.ac.uk/pub/databases/mousegenomes/REL-2112-v8-SNPs_Indels/mgp_REL2021_snps.vcf.gz	d9fd3d1e03648f65cdbd02505b68b1db (= official .md5; .csi = official .md5)	not recorded; the local file was written 2026-06-16 14:19 JST on the machine it was copied from (server time 2021-12-30, so not preserved) — consistent with download on that date	確定 (URL/md5); 取得日は記述で代替
Mouse Genomes Project REL2021 indels (GRCm39, 52 strains)	mgp_REL2021_indels.vcf.gz (+ .csi 55b4fa569b24ec5f058f7ac7e5fd004b)	https://ftp.ebi.ac.uk/pub/databases/mousegenomes/REL-2112-v8-SNPs_Indels/mgp_REL2021_indels.vcf.gz	72b19457a3bcb38d3661326b00107cdc (= official .md5; .csi = official .md5)	not recorded; the local file was written 2026-06-16 11:47 JST on the machine it was copied from (server time 2022-09-09, so not preserved) — consistent with download on that date	確定 (URL/md5); FILTER='.' for all records; 取得日は記述で代替
UCSC chain mm10→mm39	mm10ToMm39.over.chain.gz	https://hgdownload.soe.ucsc.edu/goldenPath/mm10/liftOver/mm10ToMm39.over.chain.gz	7e2c4effe0f1f78e3b497cc77ef96d34 (= md5 of the file downloaded from UCSC on 2026-09-15)	not recorded; local file time equals the server file time (preserved at download), so it does not indicate the download date (server 2020-07-30 14:50 PDT)	確定
UCSC chain mm39→mm10	mm39ToMm10.over.chain.gz	https://hgdownload.soe.ucsc.edu/goldenPath/mm39/liftOver/mm39ToMm10.over.chain.gz	3c1cfab21cb0cf9c251fbae41907c28a (= UCSC md5sum.txt)	not recorded; local file time equals the server file time (preserved at download), so it does not indicate the download date (server 2020-07-30 14:54 PDT)	確定; reciprocal-lift check (rerun2/E2/scripts/liftover_checks.py)
GEO GSE124804	GSM5993848_PO_H3K4me1_peaks.bed.gz	https://ftp.ncbi.nlm.nih.gov/geo/samples/GSM5993nnn/GSM5993848/suppl/GSM5993848_PO_H3K4me1_peaks.bed.gz	805da512aada988c08dfb2730dab1002 (= md5 of the GEO file, verified 2026-09-15)	not recorded; local file time equals the server file time (preserved at download), so it does not indicate the download date (server 2022-04-06 13:17 EDT)	確定; mm10; converted with CrossMap
GEO GSE124804	GSM5993850_PO_H3K27ac_peaks.bed.gz	https://ftp.ncbi.nlm.nih.gov/geo/samples/GSM5993nnn/GSM5993850/suppl/GSM5993850_PO_H3K27ac_peaks.bed.gz	14f54e53b4a19be260494cb601fed25c (= md5 of the GEO file, verified 2026-09-15)	not recorded; local file time equals the server file time (preserved at download), so it does not indicate the download date (server 2022-04-06 13:17 EDT)	確定; mm10; converted with CrossMap
GEO GSE124804	GSM5993852_E13.5_H3K4me1_peaks.bed.gz	https://ftp.ncbi.nlm.nih.gov/geo/samples/GSM5993nnn/GSM5993852/suppl/GSM5993852_E13.5_H3K4me1_peaks.bed.gz	0fb27ad00a76ab6d62422ccb2323f488 (= md5 of the GEO file, verified 2026-09-15)	not recorded; local file time equals the server file time (preserved at download), so it does not indicate the download date (server 2022-04-06 13:17 EDT)	確定; mm10; converted with CrossMap
GEO GSE124804	GSM5993854_E13.5_H3K27ac_peaks.bed.gz	https://ftp.ncbi.nlm.nih.gov/geo/samples/GSM5993nnn/GSM5993854/suppl/GSM5993854_E13.5_H3K27ac_peaks.bed.gz	fa615c1a54e29d53ab9c3e8d9ca09776 (= md5 of the GEO file, verified 2026-09-15)	not recorded; local file time equals the server file time (preserved at download), so it does not indicate the download date (server 2022-04-06 13:17 EDT)	確定; mm10; converted with CrossMap
GEO GSE90016	GSM2395741_mm10_Six2_BF_ChIPSeq.peaks.txt.gz	https://ftp.ncbi.nlm.nih.gov/geo/samples/GSM2395nnn/GSM2395741/suppl/GSM2395741_mm10_Six2_BF_ChIPSeq.peaks.txt.gz	939642241131283e89b29749075cb87f (= md5 of the GEO file, verified 2026-09-15)	not recorded; local file time equals the server file time (preserved at download), so it does not indicate the download date (server 2017-11-28 EST)	確定; HOMER peak table; summit BED = (chr, col3-1, col3, peakID, col4), sorted; converted with CrossMap bed (byte-identical on rerun)
GEO GSE90016	GSM2395742_mm10_Hoxd11_BF_ChIPSeq.peaks.txt.gz	https://ftp.ncbi.nlm.nih.gov/geo/samples/GSM2395nnn/GSM2395742/suppl/GSM2395742_mm10_Hoxd11_BF_ChIPSeq.peaks.txt.gz	00000eb59062dc81664be012795ceb68 (= md5 of the GEO file, verified 2026-09-15)	not recorded; local file time equals the server file time (preserved at download), so it does not indicate the download date (server 2017-11-28 EST)	確定; HOMER peak table; summit BED = (chr, col3-1, col3, peakID, col4), sorted; converted with CrossMap bed (byte-identical on rerun)
GEO GSE90016	GSM2395743_mm10_Osr1_BF_ChIPSeq.peaks.txt.gz	https://ftp.ncbi.nlm.nih.gov/geo/samples/GSM2395nnn/GSM2395743/suppl/GSM2395743_mm10_Osr1_BF_ChIPSeq.peaks.txt.gz	8924f47ca8618aacf945c1b272153f2b (= md5 of the GEO file, verified 2026-09-15)	not recorded; local file time equals the server file time (preserved at download), so it does not indicate the download date (server 2017-11-28 EST)	確定; HOMER peak table; summit BED = (chr, col3-1, col3, peakID, col4), sorted; converted with CrossMap bed (byte-identical on rerun)
GEO GSE90016	GSM2395744_mm10_Wt1_ChIPSeq_2.peaks.txt.gz	https://ftp.ncbi.nlm.nih.gov/geo/samples/GSM2395nnn/GSM2395744/suppl/GSM2395744_mm10_Wt1_ChIPSeq_2.peaks.txt.gz	25906c00fa2e8654e14a65773496ef3c (= md5 of the GEO file, verified 2026-09-15)	not recorded; local file time equals the server file time (preserved at download), so it does not indicate the download date (server 2017-11-28 EST)	確定; HOMER peak table; summit BED = (chr, col3-1, col3, peakID, col4), sorted; converted with CrossMap bed (byte-identical on rerun)
GEO GSE90016	GSM2867764_mm10_Six2_ChIPSeq.peaks.txt.gz	https://ftp.ncbi.nlm.nih.gov/geo/samples/GSM2867nnn/GSM2867764/suppl/GSM2867764_mm10_Six2_ChIPSeq.peaks.txt.gz	c00f19529ab0936cdd6ec0eefdf5baa6 (= md5 of the GEO file, verified 2026-09-15)	not recorded; local file time equals the server file time (preserved at download), so it does not indicate the download date (server 2017-11-28 EST)	確定; HOMER peak table; summit BED = (chr, col3-1, col3, peakID, col4), sorted; converted with CrossMap bed (byte-identical on rerun)
GEO GSE94333 / GSM2473317 (P1 kidney Drop-seq, cold dissociation, run1855)	cold_dge.txt.gz = GSM2473317_run1855_out_gene_exon_tagged.dge.txt.gz renamed locally	https://ftp.ncbi.nlm.nih.gov/geo/samples/GSM2473nnn/GSM2473317/suppl/GSM2473317_run1855_out_gene_exon_tagged.dge.txt.gz	50b06ce3a406b309db7b8f1a02c7eae8 (= md5 of the GEO file, verified 2026-09-15)	not recorded; local file time equals the server file time (preserved at download), so it does not indicate the download date (server 2018-02-02 11:26 EST)	確定; 23,797 genes x 9,856 barcodes
GEO GSE94333	GSE94333_P1_Cold_Cap_Mesenchyme.txt.gz	https://ftp.ncbi.nlm.nih.gov/geo/series/GSE94nnn/GSE94333/suppl/GSE94333_P1_Cold_Cap_Mesenchyme.txt.gz	0bd5756debc47bc330e2512a15aa6548 (= md5 of the GEO file, verified 2026-09-15)	not recorded; local file time equals the server file time (preserved at download), so it does not indicate the download date (server 2017-12-20 17:29 EST)	確定
GEO GSE94333	GSE94333_P1_Cold_Distal_Tubule.txt.gz	https://ftp.ncbi.nlm.nih.gov/geo/series/GSE94nnn/GSE94333/suppl/GSE94333_P1_Cold_Distal_Tubule.txt.gz	72eebfecd8d5c64147e45233eaf96501 (= md5 of the GEO file, verified 2026-09-15)	not recorded; local file time equals the server file time (preserved at download), so it does not indicate the download date (server 2017-12-20 17:29 EST)	確定
GEO GSE94333	GSE94333_P1_Cold_Endothelial.txt.gz	https://ftp.ncbi.nlm.nih.gov/geo/series/GSE94nnn/GSE94333/suppl/GSE94333_P1_Cold_Endothelial.txt.gz	25f2a50a6b28dfff65712f88bbbd5275 (= md5 of the GEO file, verified 2026-09-15)	not recorded; local file time equals the server file time (preserved at download), so it does not indicate the download date (server 2017-12-20 17:29 EST)	確定
GEO GSE94333	GSE94333_P1_Cold_Loop_of_Henle.txt.gz	https://ftp.ncbi.nlm.nih.gov/geo/series/GSE94nnn/GSE94333/suppl/GSE94333_P1_Cold_Loop_of_Henle.txt.gz	89110199f1586d17a5ed8f0d7dadd0a8 (= md5 of the GEO file, verified 2026-09-15)	not recorded; local file time equals the server file time (preserved at download), so it does not indicate the download date (server 2017-12-20 17:29 EST)	確定
GEO GSE94333	GSE94333_P1_Cold_Nephron_Progenitor.txt.gz	https://ftp.ncbi.nlm.nih.gov/geo/series/GSE94nnn/GSE94333/suppl/GSE94333_P1_Cold_Nephron_Progenitor.txt.gz	9a84b3c514256decf11d85b9b49ecf39 (= md5 of the GEO file, verified 2026-09-15)	not recorded; local file time equals the server file time (preserved at download), so it does not indicate the download date (server 2017-12-20 17:29 EST)	確定
GEO GSE94333	GSE94333_P1_Cold_Podocytes.txt.gz	https://ftp.ncbi.nlm.nih.gov/geo/series/GSE94nnn/GSE94333/suppl/GSE94333_P1_Cold_Podocytes.txt.gz	40a96de7761bcd27bdf9fd912f94b84f (= md5 of the GEO file, verified 2026-09-15)	not recorded; local file time equals the server file time (preserved at download), so it does not indicate the download date (server 2017-12-20 17:29 EST)	確定
GEO GSE94333	GSE94333_P1_Cold_Proximal_Tubule.txt.gz	https://ftp.ncbi.nlm.nih.gov/geo/series/GSE94nnn/GSE94333/suppl/GSE94333_P1_Cold_Proximal_Tubule.txt.gz	c69df0ba0e7dcae5993345561eef5cf6 (= md5 of the GEO file, verified 2026-09-15)	not recorded; local file time equals the server file time (preserved at download), so it does not indicate the download date (server 2017-12-20 17:29 EST)	確定
GEO GSE94333	GSE94333_P1_Cold_Stromal.txt.gz	https://ftp.ncbi.nlm.nih.gov/geo/series/GSE94nnn/GSE94333/suppl/GSE94333_P1_Cold_Stromal.txt.gz	dc8d6e069ed3f4d71a1f00d43e1a6bb3 (= md5 of the GEO file, verified 2026-09-15)	not recorded; local file time equals the server file time (preserved at download), so it does not indicate the download date (server 2017-12-20 17:29 EST)	確定
GEO GSE94333	GSE94333_P1_Cold_Ureteric_Bud.txt.gz	https://ftp.ncbi.nlm.nih.gov/geo/series/GSE94nnn/GSE94333/suppl/GSE94333_P1_Cold_Ureteric_Bud.txt.gz	4b4654290e01737b656107bb74e6ad30 (= md5 of the GEO file, verified 2026-09-15)	not recorded; local file time equals the server file time (preserved at download), so it does not indicate the download date (server 2017-12-20 17:29 EST)	確定
MSigDB 2026.1 (Hs, Mm) via msigdbr 26.1.0	~/.cache/R/msigdbr/msigdb.2026.1.zip (C2, C5 .rds extracted from it)	https://zenodo.org/records/18968178/files/msigdb.2026.1.zip (URL hard-coded in msigdbr 26.1.0)	512ba99c6827141a9d471972b812d4ac (= md5 expected by msigdbr 26.1.0; msigdbr deletes the file if it does not match)	2026-04-15 16:10 JST (cache file written by msigdbr at download)	確定 (URL/md5); 取得日はキャッシュの作成時刻
Ensembl VEP cache (mus_musculus, release 116, GRCm39)	refs/vep_cache/mus_musculus/116_GRCm39 (unpacked from mus_musculus_vep_116_GRCm39.tar.gz; tarball not retained)	https://ftp.ensembl.org/pub/release-116/variation/indexed_vep_cache/mus_musculus_vep_116_GRCm39.tar.gz	not verifiable (tarball removed after unpacking)	2026-08-03 (INSTALL.pl log; conversion finished 18:04:12)	確定 (URL/日付: results/logs/vep_cache_install.log:2,6)
#SECTION	Commands
step	exact_command_line	key_parameters	script:line	log_or_header_evidence	status
fastp	fastp -i <R1> -I <R2> -o <out_R1> -O <out_R2> -j <json> -h <html> -w 4 (E13.5 rerun: -w 1)	defaults otherwise	run_fastp.sh:8-15; run_fastp_e135.sh:10-17	fastp.json 'command'	確定
STAR index (reference)	STAR --runMode genomeGenerate --runThreadN 8 --genomeDir refs/star_grcm39 --genomeFastaFiles refs/GRCm39.primary_assembly.genome.fa --sjdbGTFfile refs/gencode.vM39.annotation.gtf --sjdbOverhang 149 --genomeSAindexNbases 14	sjdbOverhang 149; SAindexNbases 14	run_star_index.sh:4-10	refs/star_grcm39/genomeParameters.txt:1	確定
STAR index (condition A)	STAR --runMode genomeGenerate --runThreadN 6 --genomeDir refs/star_condA --genomeFastaFiles results/phase2/g2g/condA/FVB_snponly.fa --sjdbGTFfile results/phase2/g2g/condA/FVB_snponly.gtf --sjdbOverhang 149 --genomeSAindexNbases 14		run_star_condA_index.sh:4-10	refs/star_condA/genomeParameters.txt:1	確定
STAR index (condition B)	STAR --runMode genomeGenerate --runThreadN 8 --genomeDir refs/star_condB --genomeFastaFiles results/phase2/g2g/condB/FVB_full.fa --sjdbGTFfile results/phase2/g2g/condB/FVB_full.gtf --sjdbOverhang 149 --genomeSAindexNbases 14		run_star_condB_index.sh:4-10	refs/star_condB/genomeParameters.txt:1	確定
STAR alignment (all 36)	STAR --genomeDir <index> --readFilesIn <trimmed_R1> <trimmed_R2> --readFilesCommand zcat --outSAMtype BAM SortedByCoordinate --runThreadN 8 --outFileNamePrefix <dir>/	all other parameters STAR defaults	run_star_uncorrected.sh:9-15; run_phase2_mapping.sh:15-21; run_phase2_continuation.sh:20-26	results/phase2/star_*/*/Log.out:4-5	確定
featureCounts (all 36)	featureCounts -T 4 -p -a refs/gencode.vM39.annotation.gtf -t exon -g gene_id -o <out> <bam>	-p yes; --countReadPairs no; -B no; -C no; -s not set (=0, unstranded); multimappers not counted	run_featurecounts_uncorrected.sh:16-18; run_quantify_cleanup.sh:54-56	*.counts.txt:1; *.featureCounts.log	確定
library strandedness (empirical)	featureCounts -T 3 -p -s {0,1,2} -a refs/gencode.vM39.annotation.gtf -t exon -g gene_id on B6135-1 and FVBP1-1 uncorrected BAMs (2026-09-15)	Assigned: s0 74.5/67.0%; s1 8.2/7.6%; s2 81.5/73.0% -> reverse-stranded; analysis counts used s0	this revision	revision_evidence/item03_strandedness/strandedness_summary.tsv	確定 (実測: reverse-stranded)。キット名は Table S1 ではなく Methods の記載事項 (GENEWIZ に照会)
private SNVs	bcftools view -f PASS -Ou refs/mgp_REL2021_snps.vcf.gz | bcftools +fill-tags -- -t AC | bcftools view -i 'GT[24]="alt" && INFO/AC<=2' -Ou | bcftools view -s FVB_NJ -Oz -o private_snps.vcf.gz	FVB_NJ = sample index 24	run_phase1_variants_v2.sh:29-32	results/phase1/variants/private_snps.vcf.gz header	確定
private indels	bcftools view refs/mgp_REL2021_indels.vcf.gz -Ou | bcftools +fill-tags -- -t AC | bcftools view -i 'GT[24]="alt" && INFO/AC<=2' -Ou | bcftools view -s FVB_NJ -Oz -o private_indels.vcf.gz	no FILTER restriction	run_phase1_variants_v2.sh:37-40	results/phase1/variants/private_indels.vcf.gz header	確定
FVB_NJ all variants	bcftools view -s FVB_NJ -f PASS -c1 (SNPs); bcftools view -s FVB_NJ -c1 (indels)		run_phase1_variants_v2.sh:13,18	FVB.*.vcf.gz headers	確定
chromosome renaming	bcftools annotate --rename-chrs refs/chr_rename_map.txt -Oz -o results/phase1/variants_chr/<name>.chr.vcf.gz results/phase1/variants/<name>.vcf.gz	map file refs/chr_rename_map.txt (1->chr1 ... MT->chrM)	run interactively; no script retained	results/phase1/variants_chr/*.vcf.gz headers (##bcftools_annotateCommand, 2026-08-04 08:14–08:17)	確定 (コマンドは VCF ヘッダに記録)
normalisation for g2gtools	bcftools norm -f refs/GRCm39.primary_assembly.genome.fa -m -any results/phase1/variants_chr/FVB.{snps,indels}.chr.vcf.gz -Oz -o results/phase2/g2g/FVB.{snps,indels}.norm.vcf.gz		run_phase2_norm.sh:7-8	results/phase2/g2g/FVB.snps.norm.vcf.gz header	確定
CrossMap (peaks, summits)	CrossMap bed refs/liftover/mm10ToMm39.over.chain.gz <mm10 BED or BED.gz> <out.grcm39.bed>  (default options; .unmap written alongside)	GSE90016 summits: zcat <peaks.txt.gz> | awk '!/^#/{print $2, $3-1, $3, $1, $4}' OFS='\t' | sort -k1,1 -k2,2n	rerun2/E1/run_crossmap.sh (reconstructed)	rerun2/E1/md5_comparison.tsv: 23/23 files byte-identical to refs/	確定 (再実行でバイト一致)
bedtools closest	bedtools closest -a <motif_for_nearest_v3.sorted.bed> -b <genes.sorted.bed> -d	genes.sorted.bed = GTF gene records as (chr, start-1, end, gene_id), sort -k1,1 -k2,2n	run_phase4_v3.sh:21; rerun2/E3/scripts/make_intermediates.sh	rerun2/E3/verify_against_snapshot.tsv (genes.sorted.bed identical)	確定
bedtools intersect/merge	bedtools merge -i - ; bedtools intersect -a /tmp/cis_regvars.bed -b /tmp/cis_peaks_{tf}.bed -u ; bedtools intersect -a /tmp/genes.sorted.bed -b /tmp/concordant_positions_sorted.bed -c		cis_discovery.py:36-37; build_candidate_genes_v3.py:99		確定
VEP	vep --species mus_musculus --assembly GRCm39 --cache --offline --dir_cache refs/vep_cache --everything --fork 16 --vcf --compress_output bgzip -i <private_*.vcf.gz> -o <out> --stats_file <html> --force_overwrite		run_vep.sh:8-15		確定
DESeq2	DESeqDataSetFromMatrix(design = ~ strain); dds[rowSums(counts(dds)) >= 10, ]; DESeq(); results(contrast = c('strain','FVB','B6'), alpha = 0.1)	per stage; hybrid matrix (B6 uncorrected + FVB condition B)	run_deseq2.R:17-20; build_phase3_matrices.py:18-20		確定
fgsea	set.seed(42); fgsea(pathways = all_sets, stats = ranks, minSize = 3, maxSize = 500, eps = 0)	ranks = DESeq2 stat; dispatches to fgseaMultilevel	run_fgsea.R:18,45-46	revision_evidence/item06_fgsea/rerun.log	確定
motifbreakR input	bcftools norm -m -any -Ou results/phase1/regulatory_v2/private_snps_h3k27ac.vcf.gz | bcftools view -i GT="alt" -Oz -o results/phase1/regulatory_v2/private_snps_h3k27ac_biallelic.vcf.gz	5,936 records	inline command recorded in the output VCF header	output VCF header ##bcftools_normCommand / ##bcftools_viewCommand (2026-08-08 19:45:45)	確定
motifbreakR	snps.from.file(vcf, search.genome = BSgenome.Mmusculus.UCSC.mm39, format = 'vcf'); stopifnot(SNP_id allele == ALT); motifbreakR(snpList, pwmList = motifs, threshold = 1e-3, method = 'ic', BPPARAM = SerialParam())	21 MotifDb motifs; original script used cat() for the allele check; stopifnot version in rerun2/D2 (negative control halts: 4,386/10,317 mismatched)	run_motifbreakr_v3.R:17-21,34-46; rerun2/D2/scripts/run_motifbreakr_v3_assert.R	results/phase1/regulatory_v3/motifbreakr_v3.log; rerun2/D2/run.log	確定
TOST	tost(a, b, margin_frac = 0.20): d = mean(a)-mean(b); se = sqrt(var(a)/na + var(b)/nb); df = na+nb-2; p = max(1-pt((d+bound)/se), pt((d-bound)/se))	males n=5 vs 5	plot_phenotype.py:97-111	revision_evidence/item10_tost/tost_recomputed.tsv	確定
TOST option 1 (Welch df)	unpooled SE, Welch–Satterthwaite df	KW: diff -0.0106 g, df 6.90, 90% CI -0.0306 to +0.0094, margin ±0.0425 g, P 0.0097 | KW/BW: diff +0.0029 pp, df 5.19, 90% CI -0.0413 to +0.0470, margin ±0.1478 pp, P 0.00053	rerun2/B2/scripts/tost_options.py	rerun2/B2/tost_options.tsv	確定 (数値) / 採用は要判断
TOST option 2 (pooled SE, df 8)	pooled-variance SE, df = 8 (identical to current code because n1 = n2 = 5)	KW: 90% CI -0.0302 to +0.0090, P 0.0081 | KW/BW: 90% CI -0.0382 to +0.0440, P 0.000088	rerun2/B2/scripts/tost_options.py	rerun2/B2/tost_options.tsv	確定 (数値) / 採用は要判断
chrM/chrY exclusion (policy a)	genes on chrM (37) and chrY (2,052) removed from all arms before DESeq2/bias QC/candidate QC/deconvolution	size factors unchanged (max abs diff 0); FDR<0.1: E13.5 2,111/27,800, P1 1,894/29,542	rerun2/A/scripts/run_deseq2_param.R --exclude-chroms=chrM,chrY	rerun2/A/deseq2_old_vs_new.txt	確定 (採用は要判断 A-2)
fgsea gene-set filter (corrected)	(?i)kidney|nephro|(?<!ad)renal|metanephr|ureter|glomerul|podocyte	106 sets (98 GO:BP, 4 Reactome, 4 custom); removed GOBP_ADRENAL_GLAND_DEVELOPMENT, REACTOME_ADRENALINE_NORADRENALINE_INHIBITS_INSULIN_SECRETION	rerun2/A/scripts/run_fgsea_param.R	rerun2/B3/gene_set_audit.tsv	確定
fgsea seed sensitivity	seeds 42 + 1..20 (sampleSize 101) and 42 + 1..10 (sampleSize 1001)	E13.5 min padj (final): 0.060–0.171 (101); 0.091–0.133 (1001). Original analysis: 0.096–0.227 (101)	rerun2/B3/scripts/fgsea_seed_sensitivity*.R	rerun2/B3/seed_sensitivity_*.tsv	確定
strandedness sensitivity (reference arm)	featureCounts -T 4 -p -s 2 -a refs/gencode.vM39.annotation.gtf -t exon -g gene_id (12 uncorrected BAMs)	log2FC r 0.94/0.93 (E13.5/P1); DEG Jaccard 0.80/0.75; candidates DE 23/24 (Dock9 lost)	rerun2/C/scripts/featurecounts_s2_uncorrected.sh; compare_s0_s2.py	rerun2/C/s0_vs_s2_comparison.tsv; key_genes_s0_vs_s2.tsv	確定 (限定的感度分析)
liftover validation	reciprocal lift of the E13.5 H3K27ac track; TSS±2 kb of the top-500 E13.5 genes (493 after dropping 7 chrM genes) vs H3K27ac peaks (E13.5 + P0 merged); mean of 3 shuffles	reciprocal lift 99.82% (27,520/27,569); promoter overlap 153/493 = 31.0% before conversion -> 475/493 = 96.3% after; random 64/493 = 13.0%	rerun2/E2/scripts/liftover_checks.py	rerun2/E2/with_original_shuffles/liftover_checks.tsv (the same file also reports the union of all four GSE124804 tracks: 244/493 -> 480/493, random 127/493)	確定 (本文の記述に合わせ H3K27ac 単独の値を採用)
/tmp intermediates	gene_id2name.tsv, genes(.sorted).bed, gene_variant_counts.bed, reg_*_nearest_gene_v2.bed, build_check/*	22/23 byte-identical, fvb_variants.bed same content (order differs)	rerun2/E3/scripts/make_intermediates.sh	rerun2/E3/verify_against_snapshot.tsv	確定
#SECTION	Genome construction
component	value	detail	evidence		status
VCI condition A	g2gtools vcf2vci -f refs/GRCm39.primary_assembly.genome.fa -i results/phase2/g2g/FVB.snps.norm.vcf.gz -s FVB_NJ -p 8 -o results/phase2/g2g/condA/FVB_snponly.vci	md5 of .vci.gz: 84588ebead6e0202a4200aee91f1d42a	run_phase2_condA.sh:5-8		確定
genome condition A	g2gtools patch -i refs/GRCm39.primary_assembly.genome.fa -c results/phase2/g2g/condA/FVB_snponly.vci.gz -p 8 -o results/phase2/g2g/condA/FVB_snponly.fa	GTF = copy of gencode.vM39.annotation.gtf (cp)	run_phase2_condA.sh:10-14		確定
VCI condition B	g2gtools vcf2vci -f refs/GRCm39.primary_assembly.genome.fa -i results/phase2/g2g/FVB.snps.norm.vcf.gz -i results/phase2/g2g/FVB.indels.norm.vcf.gz -s FVB_NJ -p 8 -o results/phase2/g2g/condB/FVB_full.vci	no --pass; VCI header FILTER_PASSED=False, DIPLOID=False; md5 .vci.gz: a19fe771c4e206c300562c420c508dfc	run_phase2_condB.sh:5-9; VCI header		確定
genome condition B	g2gtools patch -i <ref.fa> -c FVB_full.vci.gz -p 8 -o FVB_full.patched.fa ; g2gtools transform -i FVB_full.patched.fa -c FVB_full.vci.gz -p 8 -o FVB_full.fa		run_phase2_condB.sh:11-19		確定
annotation condition B	g2gtools convert -i refs/gencode.vM39.annotation.gtf -c results/phase2/g2g/condB/FVB_full.vci.gz -f gtf -o results/phase2/g2g/condB/FVB_full.gtf	unmapped features in FVB_full.gtf.unmapped	run_phase2_condB.sh:21-24		確定
reverse conversion condition B	/usr/bin/python3 g2g_bam_convert.py -c results/phase2/g2g/condB/FVB_full.vci.gz -i <condB bam> -o <reverted.bam> --reverse ; samtools sort ; samtools index	mapping tree 20 contigs (chr1-19, chrX); chrM/chrY/scaffold reads -> .unmapped	run_quantify_cleanup.sh:23-49; results/phase2/g2g/reverted/*.convert.log		確定
condition A conversion	none (SNV-only genome collinear with GRCm39)		run_quantify_cleanup.sh:23 (only cond B converted)		確定
pre-existing modification of g2gtools 0.2.7	.next() -> next() in bed.py, bsam.py, gtf.py, vcf.py, vcf2vci.py (2026-06-16)		revision_evidence/item04_g2gtools/preexisting_py3_port_vs_wheel.patch; RECORD sha256		確定
patch to bsam.convert_bam_file	rebuild @SQ/name_to_id from vci_file.contigs; close files; absolute imports; wrapper parses VCI		revision_evidence/item04_g2gtools/bsam_fixed_vs_wheel_0.2.7.patch		確定
code repository	公開後に記入	public URL and commit ID after push (staged: g2gtools-0.2.7-bam-reverse-fix, v2 wrapper recommended)	revision_evidence/item04_g2gtools/g2gtools-0.2.7-bam-reverse-fix/		公開後に記入
#SECTION	Deconvolution
component	value	detail	evidence		status
reference files	cold_dge.txt.gz + GSE94333_P1_Cold_<type>.txt.gz (9)	see Reference data for md5	run_deconvolution_v2.R:31-37		確定 (取得元: GSM2473317 と GSE94333 series suppl。Reference data 参照)
QC to 4,853 cells	no filtering in this analysis; 4,853 = all barcodes in the nine label files, all present in the matrix	labelling/QC by the original authors	revision_evidence/item07_deconv/rerun_out/cell_counts_split.csv		確定
label: Cap_Mesenchyme	513 cells	label used as deposited in GEO (file name suffix)	GSE94333_P1_Cold_Cap_Mesenchyme.txt.gz		確定 (件数・ラベル)。本文の細胞種表記との一致は原稿側の確認事項
label: Nephron_Progenitor	1193 cells	label used as deposited in GEO (file name suffix)	GSE94333_P1_Cold_Nephron_Progenitor.txt.gz		確定 (件数・ラベル)。本文の細胞種表記との一致は原稿側の確認事項
label: Ureteric_Bud	629 cells	label used as deposited in GEO (file name suffix)	GSE94333_P1_Cold_Ureteric_Bud.txt.gz		確定 (件数・ラベル)。本文の細胞種表記との一致は原稿側の確認事項
label: Stromal	463 cells	label used as deposited in GEO (file name suffix)	GSE94333_P1_Cold_Stromal.txt.gz		確定 (件数・ラベル)。本文の細胞種表記との一致は原稿側の確認事項
label: Endothelial	302 cells	label used as deposited in GEO (file name suffix)	GSE94333_P1_Cold_Endothelial.txt.gz		確定 (件数・ラベル)。本文の細胞種表記との一致は原稿側の確認事項
label: Podocytes	224 cells	label used as deposited in GEO (file name suffix)	GSE94333_P1_Cold_Podocytes.txt.gz		確定 (件数・ラベル)。本文の細胞種表記との一致は原稿側の確認事項
label: Proximal_Tubule	617 cells	label used as deposited in GEO (file name suffix)	GSE94333_P1_Cold_Proximal_Tubule.txt.gz		確定 (件数・ラベル)。本文の細胞種表記との一致は原稿側の確認事項
label: Loop_of_Henle	516 cells	label used as deposited in GEO (file name suffix)	GSE94333_P1_Cold_Loop_of_Henle.txt.gz		確定 (件数・ラベル)。本文の細胞種表記との一致は原稿側の確認事項
label: Distal_Tubule	396 cells	label used as deposited in GEO (file name suffix)	GSE94333_P1_Cold_Distal_Tubule.txt.gz		確定 (件数・ラベル)。本文の細胞種表記との一致は原稿側の確認事項
split	within each cell type, random permutation, alternate cells to signature (A) / pseudo-bulk (B); ~50:50	A/B counts in cell_counts_split.csv	run_deconvolution_v2.R:47-48		確定
random seed	42 (set once at script start)		run_deconvolution_v2.R:19		確定
marker selection	per type: mean CPM > 20 in type; top 60 by (mean_type+1)/(mean_all_types+1); union = 538; 510 present in bulk	signature half only	run_deconvolution_v2.R:54-68	rerun_out/markers_538.txt	確定
NNLS	nnls::nnls on CPM; genes scaled by max across signature types; coefficients normalised to sum 1	nnls 1.6	run_deconvolution_v2.R:70-81		確定
pseudo-bulk mixtures	4; fixed designed proportions	1: all 1/9; 2: CM .05 DT .05 En .05 LoH .05 NP .45 Pod .05 PT .10 Str .10 UB .10; 3: .15 .05 .05 .10 .25 .05 .15 .10 .10; 4: .10 .10 .05 .10 .15 .05 .20 .15 .10 (order CM,DT,En,LoH,NP,Pod,PT,Str,UB)	run_deconvolution_v2.R:94-99		確定
cells per mixture	n_cells = 2000 (round(prop x 2000) per type; mixture 1 = 1,998)		run_deconvolution_v2.R:85-88		確定
sampling	with replacement		run_deconvolution_v2.R:90		確定
validation result	r = 0.853; MAE = 0.0335; max error = 0.0838		results/phase5_deconv/pseudobulk_validation.csv (byte-identical on rerun)		確定
gate	r > 0.8 and MAE < 0.05; application skipped if failed	thresholds written in run_deconvolution_v2.R after v1 had been applied to experimental data; no earlier record of the thresholds found	run_deconvolution_v2.R:113-121	findings.md §7 (timestamps)	確定 (閾値) / 事前設定の記録なし (Methods で主張しない)
#SECTION	Gene sets / motifs
component	value	detail	evidence		status
MSigDB release	2026.1 (Hs)	db_species = 'HS' (default)	msigdbr_collections() db_version; rerun identical		確定
msigdbr version	26.1.0	installed 2026-04-15; not reinstalled	/usr/local/lib/R/site-library/msigdbr/DESCRIPTION		確定
collections	C5 / GO:BP (98 kidney-pattern sets); C2 / CP:REACTOME (4 sets); plus the 4 curated sets = 106 tested	name filter (?i)kidney|nephro|(?<!ad)renal|metanephr|ureter|glomerul|podocyte (the negative look-behind excludes "adrenal"); the superseded filter without it gave 99 GO:BP + 5 Reactome = 108 and included GOBP_ADRENAL_GLAND_DEVELOPMENT and REACTOME_ADRENALINE_NORADRENALINE_INHIBITS_INSULIN_SECRETION	run_fgsea.R:30-38 (original); rerun2/A/scripts/run_fgsea_param.R (corrected)	rerun2/B3/gene_set_audit.tsv; rerun2/G/fgsea_106sets_sampleSize1001_seed42/gene_sets.txt	確定
orthologue mapping	msigdbr built-in via babelgene 22.9 orthologs(min_support = 3, top = TRUE)		msigdbr function body; babelgene formals	human_to_mouse_ortholog_pairs_in_used_sets.tsv	確定
custom set nephron_progenitor	Six2;Cited1;Eya1;Meox1;Sall1;Wt1;Osr1	author-compiled from canonical markers; see Methods [3,34,35,37,41]	run_fgsea.R:23		確定
custom set ureteric_bud	Ret;Wnt11;Calb1;Gfra1;Gata3;Wnt9b	author-compiled from canonical markers; see Methods [3,34,35,37,41]	run_fgsea.R:24		確定
custom set differentiation	Lhx1;Pax8;Jag1;Hnf1b;Podxl;Nphs1;Nphs2	author-compiled from canonical markers; see Methods [3,34,35,37,41]	run_fgsea.R:25		確定
custom set stroma	Foxd1;Meis1;Pdgfrb;Tcf21	author-compiled from canonical markers; see Methods [3,34,35,37,41]	run_fgsea.R:26		確定
MotifDb 1.40.0 motif	Mmusculus-cisbp_1.02-M0214_1.02	geneSymbol=Tcf21; dataSource=cisbp_1.02; providerName=M0214_1.02; providerId=MA0065487_1.02	query(MotifDb,'Mmusculus'); run_motifbreakr_v3.R:17-21	MotifDb_1.40.0_motifs_used_21.tsv	確定
MotifDb 1.40.0 motif	Mmusculus-cisbp_1.02-M6098_1.02	geneSymbol=Tcf21; dataSource=cisbp_1.02; providerName=M6098_1.02; providerId=MA0065490_1.02	query(MotifDb,'Mmusculus'); run_motifbreakr_v3.R:17-21	MotifDb_1.40.0_motifs_used_21.tsv	確定
MotifDb 1.40.0 motif	Mmusculus-HOCOMOCOv10-FOXD1_MOUSE.H10MO.D	geneSymbol=FOXD1; dataSource=HOCOMOCOv10; providerName=FOXD1_MOUSE.H10MO.D; providerId=FOXD1_MOUSE.H10MO.D	query(MotifDb,'Mmusculus'); run_motifbreakr_v3.R:17-21	MotifDb_1.40.0_motifs_used_21.tsv	確定
MotifDb 1.40.0 motif	Mmusculus-HOCOMOCOv10-HNF1B_MOUSE.H10MO.B	geneSymbol=HNF1B; dataSource=HOCOMOCOv10; providerName=HNF1B_MOUSE.H10MO.B; providerId=HNF1B_MOUSE.H10MO.B	query(MotifDb,'Mmusculus'); run_motifbreakr_v3.R:17-21	MotifDb_1.40.0_motifs_used_21.tsv	確定
MotifDb 1.40.0 motif	Mmusculus-HOCOMOCOv10-PAX2_MOUSE.H10MO.D	geneSymbol=PAX2; dataSource=HOCOMOCOv10; providerName=PAX2_MOUSE.H10MO.D; providerId=PAX2_MOUSE.H10MO.D	query(MotifDb,'Mmusculus'); run_motifbreakr_v3.R:17-21	MotifDb_1.40.0_motifs_used_21.tsv	確定
MotifDb 1.40.0 motif	Mmusculus-HOCOMOCOv10-PAX2_MOUSE.H10MO.S	geneSymbol=PAX2; dataSource=HOCOMOCOv10; providerName=PAX2_MOUSE.H10MO.S; providerId=PAX2_MOUSE.H10MO.S	query(MotifDb,'Mmusculus'); run_motifbreakr_v3.R:17-21	MotifDb_1.40.0_motifs_used_21.tsv	確定
MotifDb 1.40.0 motif	Mmusculus-HOCOMOCOv10-PAX8_MOUSE.H10MO.D	geneSymbol=PAX8; dataSource=HOCOMOCOv10; providerName=PAX8_MOUSE.H10MO.D; providerId=PAX8_MOUSE.H10MO.D	query(MotifDb,'Mmusculus'); run_motifbreakr_v3.R:17-21	MotifDb_1.40.0_motifs_used_21.tsv	確定
MotifDb 1.40.0 motif	Mmusculus-HOCOMOCOv10-WT1_MOUSE.H10MO.D	geneSymbol=WT1; dataSource=HOCOMOCOv10; providerName=WT1_MOUSE.H10MO.D; providerId=WT1_MOUSE.H10MO.D	query(MotifDb,'Mmusculus'); run_motifbreakr_v3.R:17-21	MotifDb_1.40.0_motifs_used_21.tsv	確定
MotifDb 1.40.0 motif	Mmusculus-JASPAR_CORE-Pax2-MA0067.1	geneSymbol=Pax2; dataSource=JASPAR_CORE; providerName=Pax2; providerId=MA0067.1	query(MotifDb,'Mmusculus'); run_motifbreakr_v3.R:17-21	MotifDb_1.40.0_motifs_used_21.tsv	確定
MotifDb 1.40.0 motif	Mmusculus-JASPAR_2014-Pax2-MA0067.1	geneSymbol=Pax2; dataSource=JASPAR_2014; providerName=Pax2; providerId=MA0067.1	query(MotifDb,'Mmusculus'); run_motifbreakr_v3.R:17-21	MotifDb_1.40.0_motifs_used_21.tsv	確定
MotifDb 1.40.0 motif	Mmusculus-jaspar2016-Pax2-MA0067.1	geneSymbol=Pax2; dataSource=jaspar2016; providerName=MA0067.1; providerId=MA0067.1	query(MotifDb,'Mmusculus'); run_motifbreakr_v3.R:17-21	MotifDb_1.40.0_motifs_used_21.tsv	確定
MotifDb 1.40.0 motif	Mmusculus-jaspar2016-HNF1B-MA0153.1	geneSymbol=HNF1B; dataSource=jaspar2016; providerName=MA0153.1; providerId=MA0153.1	query(MotifDb,'Mmusculus'); run_motifbreakr_v3.R:17-21	MotifDb_1.40.0_motifs_used_21.tsv	確定
MotifDb 1.40.0 motif	Mmusculus-jaspar2016-Tcf21-MA0832.1	geneSymbol=Tcf21; dataSource=jaspar2016; providerName=MA0832.1; providerId=MA0832.1	query(MotifDb,'Mmusculus'); run_motifbreakr_v3.R:17-21	MotifDb_1.40.0_motifs_used_21.tsv	確定
MotifDb 1.40.0 motif	Mmusculus-jaspar2018-Pax2-MA0067.1	geneSymbol=Pax2; dataSource=jaspar2018; providerName=MA0067.1; providerId=MA0067.1	query(MotifDb,'Mmusculus'); run_motifbreakr_v3.R:17-21	MotifDb_1.40.0_motifs_used_21.tsv	確定
MotifDb 1.40.0 motif	Mmusculus;Hsapiens-jaspar2018-HNF1B-MA0153.1	geneSymbol=HNF1B; dataSource=jaspar2018; providerName=MA0153.1; providerId=MA0153.1	query(MotifDb,'Mmusculus'); run_motifbreakr_v3.R:17-21	MotifDb_1.40.0_motifs_used_21.tsv	確定
MotifDb 1.40.0 motif	Mmusculus-jaspar2018-Tcf21-MA0832.1	geneSymbol=Tcf21; dataSource=jaspar2018; providerName=MA0832.1; providerId=MA0832.1	query(MotifDb,'Mmusculus'); run_motifbreakr_v3.R:17-21	MotifDb_1.40.0_motifs_used_21.tsv	確定
MotifDb 1.40.0 motif	Mmusculus-jaspar2022-Tcf21-MA0832.1	geneSymbol=Tcf21; dataSource=jaspar2022; providerName=MA0832.1; providerId=MA0832.1	query(MotifDb,'Mmusculus'); run_motifbreakr_v3.R:17-21	MotifDb_1.40.0_motifs_used_21.tsv	確定
MotifDb 1.40.0 motif	Mmusculus-jaspar2022-Wt1-MA1627.1	geneSymbol=Wt1; dataSource=jaspar2022; providerName=MA1627.1; providerId=MA1627.1	query(MotifDb,'Mmusculus'); run_motifbreakr_v3.R:17-21	MotifDb_1.40.0_motifs_used_21.tsv	確定
MotifDb 1.40.0 motif	Mmusculus-jolma2013-Tcf21	geneSymbol=Tcf21; dataSource=jolma2013; providerName=Mmusculus-jolma2013-Tcf21; providerId=Tcf21	query(MotifDb,'Mmusculus'); run_motifbreakr_v3.R:17-21	MotifDb_1.40.0_motifs_used_21.tsv	確定
MotifDb 1.40.0 motif	Mmusculus-UniPROBE-Six2.UP00159	geneSymbol=Six2; dataSource=UniPROBE; providerName=Cell08/Six2_2307.2_pwm.txt; providerId=UP00159	query(MotifDb,'Mmusculus'); run_motifbreakr_v3.R:17-21	MotifDb_1.40.0_motifs_used_21.tsv	確定
MotifDb 1.40.0 motif	Mmusculus-UniPROBE-Osr1.UP00027	geneSymbol=Osr1; dataSource=UniPROBE; providerName=SCI09/Osr1_pwm_primary.txt; providerId=UP00027	query(MotifDb,'Mmusculus'); run_motifbreakr_v3.R:17-21	MotifDb_1.40.0_motifs_used_21.tsv	確定
TFs without motif	SALL1, EYA1		results/phase1/regulatory_v3/motifbreakr_v3.log:2		確定
#SECTION	sessionInfo
note					status
analysis-time R sessionInfo	not retained	package versions confirmed from installation records (DESCRIPTION Built dates precede the analysis and were not updated); re-runs of DESeq2, fgsea, deconvolution and motifbreakR reproduced the original outputs byte-identically	rerun2/*/environment/, rerun2/A/*/sessionInfo.txt		確定 (記録なしを明記、再現性で代替)
rerun2 environments (2026-09-15)	per task: pip freeze, tool versions, R sessionInfo		rerun2/<task>/environment/; R scripts also write sessionInfo.txt next to outputs		確定 (再実行時の環境)
current-environment R sessionInfo (fgsea/msigdbr session, 2026-09-15)	see full text below	packages used were installed before the analysis and not updated (DESCRIPTION Built dates)	revision_evidence/item06_fgsea/sessionInfo_CURRENT_environment_20260915.txt		現環境 (解析時そのものではない)
sessionInfo_current	R version 4.2.2 (2022-10-31)				現環境
sessionInfo_current	Platform: x86_64-pc-linux-gnu (64-bit)				現環境
sessionInfo_current	Running under: Debian GNU/Linux 13 (trixie)				現環境
sessionInfo_current	Matrix products: default				現環境
sessionInfo_current	BLAS:   /usr/lib/x86_64-linux-gnu/openblas-pthread/libblas.so.3				現環境
sessionInfo_current	LAPACK: /usr/lib/x86_64-linux-gnu/openblas-pthread/libopenblasp-r0.3.21.so				現環境
sessionInfo_current	locale:				現環境
sessionInfo_current	 [1] LC_CTYPE=en_US.UTF-8       LC_NUMERIC=C              				現環境
sessionInfo_current	 [3] LC_TIME=en_US.UTF-8        LC_COLLATE=en_US.UTF-8    				現環境
sessionInfo_current	 [5] LC_MONETARY=en_US.UTF-8    LC_MESSAGES=en_US.UTF-8   				現環境
sessionInfo_current	 [7] LC_PAPER=en_US.UTF-8       LC_NAME=C                 				現環境
sessionInfo_current	 [9] LC_ADDRESS=C               LC_TELEPHONE=C            				現環境
sessionInfo_current	[11] LC_MEASUREMENT=en_US.UTF-8 LC_IDENTIFICATION=C       				現環境
sessionInfo_current	attached base packages:				現環境
sessionInfo_current	[1] stats     graphics  grDevices utils     datasets  methods   base     				現環境
sessionInfo_current	other attached packages:				現環境
sessionInfo_current	[1] dplyr_1.2.1    msigdbr_26.1.0 fgsea_1.24.0  				現環境
sessionInfo_current	loaded via a namespace (and not attached):				現環境
sessionInfo_current	 [1] Rcpp_1.1.1          magrittr_2.0.5      tidyselect_1.2.1   				現環境
sessionInfo_current	 [4] BiocParallel_1.32.6 cowplot_1.2.0       babelgene_22.9     				現環境
sessionInfo_current	 [7] lattice_0.20-45     R6_2.6.1            rlang_1.2.0        				現環境
sessionInfo_current	[10] fastmatch_1.1-8     tools_4.2.2         parallel_4.2.2     				現環境
sessionInfo_current	[13] dichromat_2.0-1     grid_4.2.2          data.table_1.18.2.1				現環境
sessionInfo_current	[16] gtable_0.3.6        cli_3.6.6           withr_3.0.2        				現環境
sessionInfo_current	[19] assertthat_0.2.1    tibble_3.2.1        lifecycle_1.0.5    				現環境
sessionInfo_current	[22] S7_0.2.1            Matrix_1.5-1        RColorBrewer_1.1-3 				現環境
sessionInfo_current	[25] farver_2.1.2        ggplot2_4.0.2       vctrs_0.7.3        				現環境
sessionInfo_current	[28] codetools_0.2-18    curl_7.0.0          glue_1.8.0         				現環境
sessionInfo_current	[31] compiler_4.2.2      pillar_1.11.1       generics_0.1.4     				現環境
sessionInfo_current	[34] scales_1.4.0        pkgconfig_2.0.3    				現環境
current-environment R sessionInfo (deconvolution rerun, 2026-09-15)			revision_evidence/item07_deconv/rerun_out/sessionInfo_rerun.txt		現環境
sessionInfo_deconv_rerun	R version 4.2.2 (2022-10-31)				現環境
sessionInfo_deconv_rerun	Platform: x86_64-pc-linux-gnu (64-bit)				現環境
sessionInfo_deconv_rerun	Running under: Debian GNU/Linux 13 (trixie)				現環境
sessionInfo_deconv_rerun	Matrix products: default				現環境
sessionInfo_deconv_rerun	BLAS:   /usr/lib/x86_64-linux-gnu/openblas-pthread/libblas.so.3				現環境
sessionInfo_deconv_rerun	LAPACK: /usr/lib/x86_64-linux-gnu/openblas-pthread/libopenblasp-r0.3.21.so				現環境
sessionInfo_deconv_rerun	locale:				現環境
sessionInfo_deconv_rerun	 [1] LC_CTYPE=en_US.UTF-8       LC_NUMERIC=C              				現環境
sessionInfo_deconv_rerun	 [3] LC_TIME=en_US.UTF-8        LC_COLLATE=en_US.UTF-8    				現環境
sessionInfo_deconv_rerun	 [5] LC_MONETARY=en_US.UTF-8    LC_MESSAGES=en_US.UTF-8   				現環境
sessionInfo_deconv_rerun	 [7] LC_PAPER=en_US.UTF-8       LC_NAME=C                 				現環境
sessionInfo_deconv_rerun	 [9] LC_ADDRESS=C               LC_TELEPHONE=C            				現環境
sessionInfo_deconv_rerun	[11] LC_MEASUREMENT=en_US.UTF-8 LC_IDENTIFICATION=C       				現環境
sessionInfo_deconv_rerun	attached base packages:				現環境
sessionInfo_deconv_rerun	[1] stats     graphics  grDevices utils     datasets  methods   base     				現環境
sessionInfo_deconv_rerun	other attached packages:				現環境
sessionInfo_deconv_rerun	[1] nnls_1.6				現環境
sessionInfo_deconv_rerun	loaded via a namespace (and not attached):				現環境
sessionInfo_deconv_rerun	[1] compiler_4.2.2				現環境
